sim_time,event,visitor_id,visitor_type,ride_name,count,ride_popularity,reason
10:07 AM,queue_length,,,ThunderCoaster,0,,
10:08 AM,queue_length,,,SkyDrop,0,,
10:11 AM,queue_length,,,Carousel,0,,
10:12 AM,queue_length,,,HauntedMansion,0,,
10:17 AM,queue_length,,,ThunderCoaster,0,,
10:18 AM,queue_length,,,SkyDrop,0,,
10:10 AM,arrival,78,Tourist,,,,
10:10 AM,arrival,150,Tourist,,,,
10:10 AM,arrival,26,Child,,,,
10:10 AM,arrival,20,Child,,,,
10:24 AM,queue_length,,,Carousel,3,,
10:24 AM,ride_board,,,Carousel,3,0.5,
10:25 AM,queue_length,,,ThunderCoaster,0,,
10:29 AM,queue_length,,,SkyDrop,2,,
10:30 AM,queue_length,,,HauntedMansion,0,,
10:27 AM,arrival,159,Tourist,,,,
10:27 AM,arrival,49,Child,,,,
10:27 AM,arrival,183,Tourist,,,,
10:27 AM,arrival,221,AdrenalineAddict,,,,
10:27 AM,arrival,91,Tourist,,,,
10:27 AM,arrival,70,Tourist,,,,
10:39 AM,queue_length,,,SkyDrop,4,,
10:40 AM,queue_length,,,HauntedMansion,1,,
10:42 AM,ride_board,,,SkyDrop,4,0.8,
10:45 AM,queue_length,,,ThunderCoaster,2,,
10:48 AM,arrival,103,Tourist,,,,
10:48 AM,arrival,36,Child,,,,
10:48 AM,arrival,145,Tourist,,,,
11:00 AM,order,20,,IceCreamStand,,,
11:00 AM,order,26,,IceCreamStand,,,
11:03 AM,queue_length,,,HauntedMansion,4,,
11:03 AM,ride_board,,,HauntedMansion,4,0.7,
11:05 AM,queue_length,,,ThunderCoaster,3,,
11:07 AM,ride_board,,,ThunderCoaster,4,0.9,
11:12 AM,arrival,126,Tourist,,,,
11:12 AM,arrival,226,AdrenalineAddict,,,,
11:12 AM,arrival,237,AdrenalineAddict,,,,
11:12 AM,arrival,154,Tourist,,,,
11:12 AM,arrival,238,AdrenalineAddict,,,,
11:12 AM,arrival,43,Child,,,,
11:12 AM,arrival,178,Tourist,,,,
11:12 AM,arrival,185,Tourist,,,,
11:12 AM,arrival,187,Tourist,,,,
11:12 AM,arrival,67,Tourist,,,,
11:12 AM,arrival,46,Child,,,,
11:12 AM,arrival,149,Tourist,,,,
11:12 AM,arrival,245,AdrenalineAddict,,,,
11:12 AM,arrival,124,Tourist,,,,
11:12 AM,arrival,208,AdrenalineAddict,,,,
11:12 AM,arrival,216,AdrenalineAddict,,,,
11:12 AM,arrival,122,Tourist,,,,
11:12 AM,arrival,127,Tourist,,,,
11:20 AM,served,20,,IceCreamStand,,,
11:20 AM,served,26,,IceCreamStand,,,
11:20 AM,order,36,,IceCreamStand,,,
11:20 AM,order,20,,IceCreamStand,,,
11:47 AM,arrival,9,Child,,,,
11:47 AM,arrival,246,AdrenalineAddict,,,,
11:47 AM,arrival,30,Child,,,,
11:47 AM,arrival,60,Tourist,,,,
11:47 AM,arrival,228,AdrenalineAddict,,,,
11:47 AM,arrival,8,Child,,,,
11:47 AM,arrival,172,Tourist,,,,
11:47 AM,arrival,89,Tourist,,,,
11:47 AM,arrival,69,Tourist,,,,
11:47 AM,arrival,32,Child,,,,
11:47 AM,arrival,18,Child,,,,
11:47 AM,arrival,16,Child,,,,
11:47 AM,arrival,7,Child,,,,
11:47 AM,arrival,134,Tourist,,,,
11:47 AM,arrival,45,Child,,,,
11:47 AM,arrival,97,Tourist,,,,
11:47 AM,arrival,142,Tourist,,,,
11:47 AM,arrival,12,Child,,,,
11:47 AM,arrival,15,Child,,,,
11:47 AM,arrival,59,Tourist,,,,
11:47 AM,arrival,117,Tourist,,,,
11:47 AM,arrival,164,Tourist,,,,
11:47 AM,arrival,63,Tourist,,,,
11:47 AM,arrival,196,Tourist,,,,
11:47 AM,arrival,160,Tourist,,,,
11:53 AM,queue_length,,,Carousel,22,,
11:59 AM,order,150,,BurgerTruck,,,
11:59 AM,order,91,,BurgerTruck,,,
11:59 AM,order,159,,BurgerTruck,,,
12:05 PM,served,36,,IceCreamStand,,,
12:05 PM,served,20,,IceCreamStand,,,
12:05 PM,order,49,,IceCreamStand,,,
12:32 PM,arrival,2,Child,,,,
12:32 PM,arrival,88,Tourist,,,,
12:32 PM,arrival,235,AdrenalineAddict,,,,
12:32 PM,arrival,153,Tourist,,,,
12:32 PM,arrival,192,Tourist,,,,
12:32 PM,arrival,193,Tourist,,,,
12:32 PM,arrival,165,Tourist,,,,
12:32 PM,arrival,129,Tourist,,,,
12:32 PM,arrival,195,Tourist,,,,
12:32 PM,arrival,50,Child,,,,
12:32 PM,arrival,29,Child,,,,
12:32 PM,arrival,163,Tourist,,,,
12:32 PM,arrival,173,Tourist,,,,
12:32 PM,arrival,175,Tourist,,,,
12:32 PM,arrival,102,Tourist,,,,
12:32 PM,arrival,201,AdrenalineAddict,,,,
12:32 PM,arrival,220,AdrenalineAddict,,,,
12:32 PM,arrival,37,Child,,,,
12:32 PM,arrival,168,Tourist,,,,
12:32 PM,arrival,248,AdrenalineAddict,,,,
12:32 PM,arrival,118,Tourist,,,,
12:32 PM,arrival,133,Tourist,,,,
12:32 PM,arrival,112,Tourist,,,,
12:32 PM,arrival,189,Tourist,,,,
12:32 PM,arrival,35,Child,,,,
12:32 PM,arrival,166,Tourist,,,,
12:32 PM,arrival,52,Tourist,,,,
12:32 PM,arrival,143,Tourist,,,,
12:32 PM,arrival,10,Child,,,,
12:32 PM,arrival,77,Tourist,,,,
12:32 PM,arrival,227,AdrenalineAddict,,,,
12:32 PM,arrival,241,AdrenalineAddict,,,,
12:32 PM,arrival,135,Tourist,,,,
12:32 PM,arrival,98,Tourist,,,,
12:32 PM,arrival,125,Tourist,,,,
12:32 PM,arrival,155,Tourist,,,,
12:32 PM,arrival,250,AdrenalineAddict,,,,
12:32 PM,arrival,61,Tourist,,,,
12:32 PM,arrival,68,Tourist,,,,
12:32 PM,arrival,146,Tourist,,,,
12:32 PM,arrival,39,Child,,,,
12:32 PM,arrival,64,Tourist,,,,
12:32 PM,arrival,92,Tourist,,,,
12:32 PM,arrival,51,Tourist,,,,
13:08 PM,queue_length,,,Carousel,34,,
13:08 PM,ride_board,,,Carousel,16,0.5,
13:09 PM,served,150,,BurgerTruck,,,
13:09 PM,served,91,,BurgerTruck,,,
13:09 PM,served,159,,BurgerTruck,,,
13:09 PM,order,70,,BurgerTruck,,,
13:09 PM,order,145,,BurgerTruck,,,
13:09 PM,order,122,,BurgerTruck,,,
13:09 PM,order,126,,BurgerTruck,,,
13:09 PM,order,149,,BurgerTruck,,,
13:09 PM,order,154,,BurgerTruck,,,
13:09 PM,order,78,,BurgerTruck,,,
13:09 PM,order,183,,BurgerTruck,,,
13:12 PM,served,49,,IceCreamStand,,,
13:12 PM,order,43,,IceCreamStand,,,
13:12 PM,order,15,,IceCreamStand,,,
13:12 PM,order,8,,IceCreamStand,,,
13:13 PM,exit,26,,,,,time_up
14:42 PM,arrival,73,Tourist,,,,
14:42 PM,arrival,41,Child,,,,
14:42 PM,arrival,55,Tourist,,,,
14:42 PM,arrival,66,Tourist,,,,
14:42 PM,arrival,65,Tourist,,,,
14:42 PM,arrival,157,Tourist,,,,
14:42 PM,arrival,218,AdrenalineAddict,,,,
14:42 PM,arrival,130,Tourist,,,,
14:42 PM,arrival,24,Child,,,,
14:42 PM,arrival,100,Tourist,,,,
14:42 PM,arrival,140,Tourist,,,,
14:42 PM,arrival,181,Tourist,,,,
14:42 PM,arrival,215,AdrenalineAddict,,,,
14:42 PM,arrival,115,Tourist,,,,
14:42 PM,arrival,104,Tourist,,,,
14:42 PM,arrival,22,Child,,,,
14:42 PM,arrival,107,Tourist,,,,
14:42 PM,arrival,148,Tourist,,,,
14:42 PM,arrival,198,Tourist,,,,
14:42 PM,arrival,200,Tourist,,,,
14:42 PM,arrival,203,AdrenalineAddict,,,,
14:42 PM,arrival,48,Child,,,,
14:42 PM,arrival,139,Tourist,,,,
14:42 PM,arrival,179,Tourist,,,,
14:42 PM,arrival,233,AdrenalineAddict,,,,
14:42 PM,arrival,106,Tourist,,,,
14:42 PM,arrival,6,Child,,,,
14:42 PM,arrival,13,Child,,,,
14:42 PM,arrival,138,Tourist,,,,
14:42 PM,arrival,186,Tourist,,,,
14:42 PM,arrival,234,AdrenalineAddict,,,,
14:42 PM,arrival,229,AdrenalineAddict,,,,
14:42 PM,arrival,31,Child,,,,
14:42 PM,arrival,40,Child,,,,
14:42 PM,arrival,81,Tourist,,,,
14:42 PM,arrival,86,Tourist,,,,
14:42 PM,arrival,213,AdrenalineAddict,,,,
14:42 PM,arrival,232,AdrenalineAddict,,,,
14:42 PM,arrival,151,Tourist,,,,
14:42 PM,arrival,128,Tourist,,,,
14:42 PM,arrival,167,Tourist,,,,
14:42 PM,arrival,75,Tourist,,,,
14:42 PM,arrival,114,Tourist,,,,
14:42 PM,arrival,80,Tourist,,,,
14:42 PM,arrival,27,Child,,,,
14:42 PM,arrival,95,Tourist,,,,
14:42 PM,arrival,239,AdrenalineAddict,,,,
14:42 PM,arrival,72,Tourist,,,,
14:42 PM,arrival,219,AdrenalineAddict,,,,
14:42 PM,arrival,171,Tourist,,,,
14:42 PM,arrival,214,AdrenalineAddict,,,,
14:42 PM,arrival,240,AdrenalineAddict,,,,
14:42 PM,arrival,53,Tourist,,,,
14:42 PM,arrival,152,Tourist,,,,
14:42 PM,arrival,247,AdrenalineAddict,,,,
14:42 PM,arrival,58,Tourist,,,,
14:42 PM,arrival,116,Tourist,,,,
14:42 PM,arrival,162,Tourist,,,,
14:42 PM,arrival,21,Child,,,,
14:42 PM,arrival,244,AdrenalineAddict,,,,
14:42 PM,arrival,121,Tourist,,,,
14:42 PM,arrival,184,Tourist,,,,
14:42 PM,arrival,123,Tourist,,,,
14:42 PM,arrival,137,Tourist,,,,
14:42 PM,arrival,38,Child,,,,
14:42 PM,arrival,11,Child,,,,
14:42 PM,arrival,147,Tourist,,,,
14:42 PM,arrival,5,Child,,,,
14:42 PM,arrival,105,Tourist,,,,
14:42 PM,arrival,176,Tourist,,,,
14:42 PM,arrival,207,AdrenalineAddict,,,,
14:42 PM,arrival,28,Child,,,,
14:42 PM,arrival,180,Tourist,,,,
14:42 PM,arrival,242,AdrenalineAddict,,,,
14:42 PM,arrival,42,Child,,,,
14:42 PM,arrival,211,AdrenalineAddict,,,,
14:42 PM,arrival,120,Tourist,,,,
14:42 PM,arrival,236,AdrenalineAddict,,,,
14:42 PM,arrival,17,Child,,,,
14:42 PM,arrival,182,Tourist,,,,
14:42 PM,arrival,174,Tourist,,,,
14:42 PM,arrival,206,AdrenalineAddict,,,,
14:42 PM,arrival,222,AdrenalineAddict,,,,
14:42 PM,arrival,224,AdrenalineAddict,,,,
14:42 PM,arrival,108,Tourist,,,,
14:42 PM,arrival,110,Tourist,,,,
14:42 PM,arrival,212,AdrenalineAddict,,,,
14:42 PM,arrival,1,Child,,,,
14:42 PM,arrival,19,Child,,,,
14:42 PM,arrival,177,Tourist,,,,
14:42 PM,arrival,136,Tourist,,,,
14:42 PM,arrival,230,AdrenalineAddict,,,,
14:42 PM,arrival,188,Tourist,,,,
14:42 PM,arrival,74,Tourist,,,,
14:42 PM,arrival,202,AdrenalineAddict,,,,
14:42 PM,arrival,132,Tourist,,,,
14:42 PM,arrival,249,AdrenalineAddict,,,,
14:42 PM,arrival,225,AdrenalineAddict,,,,
14:42 PM,arrival,190,Tourist,,,,
14:42 PM,arrival,82,Tourist,,,,
14:42 PM,arrival,34,Child,,,,
14:42 PM,arrival,84,Tourist,,,,
14:55 PM,served,70,,BurgerTruck,,,
14:55 PM,served,145,,BurgerTruck,,,
14:55 PM,served,122,,BurgerTruck,,,
14:55 PM,served,126,,BurgerTruck,,,
14:55 PM,served,149,,BurgerTruck,,,
14:55 PM,served,154,,BurgerTruck,,,
14:55 PM,served,78,,BurgerTruck,,,
14:55 PM,served,183,,BurgerTruck,,,
14:55 PM,order,185,,BurgerTruck,,,
14:55 PM,order,124,,BurgerTruck,,,
14:55 PM,order,127,,BurgerTruck,,,
14:55 PM,order,117,,BurgerTruck,,,
14:55 PM,order,89,,BurgerTruck,,,
14:55 PM,order,103,,BurgerTruck,,,
14:55 PM,order,63,,BurgerTruck,,,
14:55 PM,order,134,,BurgerTruck,,,
14:55 PM,order,60,,BurgerTruck,,,
14:55 PM,order,155,,BurgerTruck,,,
14:59 PM,queue_length,,,SkyDrop,41,,
15:03 PM,served,43,,IceCreamStand,,,
15:03 PM,served,15,,IceCreamStand,,,
15:03 PM,served,8,,IceCreamStand,,,
15:03 PM,order,9,,IceCreamStand,,,
15:03 PM,order,46,,IceCreamStand,,,
15:03 PM,order,32,,IceCreamStand,,,
15:03 PM,order,2,,IceCreamStand,,,
15:03 PM,order,7,,IceCreamStand,,,
15:03 PM,order,36,,IceCreamStand,,,
15:03 PM,order,12,,IceCreamStand,,,
15:03 PM,order,37,,IceCreamStand,,,
15:35 PM,exit,30,,,,,time_up
15:52 PM,exit,18,,,,,time_up
15:57 PM,exit,16,,,,,time_up
18:07 PM,exit,17,,,,,time_up
18:11 PM,arrival,76,Tourist,,,,
18:16 PM,exit,34,,,,,time_up
18:11 PM,arrival,96,Tourist,,,,
18:11 PM,arrival,209,AdrenalineAddict,,,,
18:11 PM,arrival,56,Tourist,,,,
18:11 PM,arrival,93,Tourist,,,,
18:11 PM,arrival,158,Tourist,,,,
18:11 PM,arrival,131,Tourist,,,,
18:11 PM,arrival,101,Tourist,,,,
18:11 PM,arrival,144,Tourist,,,,
18:11 PM,arrival,223,AdrenalineAddict,,,,
18:11 PM,arrival,94,Tourist,,,,
18:11 PM,arrival,191,Tourist,,,,
18:11 PM,arrival,54,Tourist,,,,
18:11 PM,arrival,113,Tourist,,,,
18:11 PM,arrival,87,Tourist,,,,
18:11 PM,arrival,71,Tourist,,,,
18:11 PM,arrival,85,Tourist,,,,
18:11 PM,arrival,90,Tourist,,,,
18:11 PM,arrival,161,Tourist,,,,
18:11 PM,arrival,4,Child,,,,
18:11 PM,arrival,79,Tourist,,,,
18:11 PM,arrival,205,AdrenalineAddict,,,,
18:11 PM,arrival,62,Tourist,,,,
18:11 PM,arrival,170,Tourist,,,,
18:11 PM,arrival,14,Child,,,,
18:11 PM,arrival,23,Child,,,,
18:11 PM,arrival,199,Tourist,,,,
18:11 PM,arrival,210,AdrenalineAddict,,,,
18:11 PM,arrival,111,Tourist,,,,
18:11 PM,arrival,194,Tourist,,,,
18:11 PM,arrival,83,Tourist,,,,
18:11 PM,arrival,47,Child,,,,
18:11 PM,arrival,99,Tourist,,,,
18:11 PM,arrival,243,AdrenalineAddict,,,,
18:11 PM,arrival,217,AdrenalineAddict,,,,
18:11 PM,arrival,231,AdrenalineAddict,,,,
18:11 PM,arrival,204,AdrenalineAddict,,,,
18:11 PM,arrival,197,Tourist,,,,
18:11 PM,arrival,169,Tourist,,,,
18:11 PM,arrival,119,Tourist,,,,
18:11 PM,arrival,25,Child,,,,
18:11 PM,arrival,57,Tourist,,,,
18:11 PM,arrival,44,Child,,,,
18:21 PM,queue_length,,,HauntedMansion,54,,
18:28 PM,served,185,,BurgerTruck,,,
18:28 PM,served,124,,BurgerTruck,,,
18:28 PM,served,127,,BurgerTruck,,,
18:28 PM,served,117,,BurgerTruck,,,
18:28 PM,served,89,,BurgerTruck,,,
18:28 PM,served,103,,BurgerTruck,,,
18:28 PM,served,63,,BurgerTruck,,,
18:28 PM,served,134,,BurgerTruck,,,
18:28 PM,served,60,,BurgerTruck,,,
18:28 PM,served,155,,BurgerTruck,,,
18:28 PM,order,168,,BurgerTruck,,,
18:28 PM,order,196,,BurgerTruck,,,
18:28 PM,order,189,,BurgerTruck,,,
18:28 PM,order,163,,BurgerTruck,,,
18:28 PM,order,77,,BurgerTruck,,,
18:28 PM,order,129,,BurgerTruck,,,
18:28 PM,order,173,,BurgerTruck,,,
18:28 PM,order,135,,BurgerTruck,,,
18:28 PM,order,69,,BurgerTruck,,,
18:28 PM,order,98,,BurgerTruck,,,
18:33 PM,exit,145,,,,,time_up
18:34 PM,exit,103,,,,,time_up
18:41 PM,exit,117,,,,,time_up
18:48 PM,queue_length,,,SkyDrop,56,,
18:54 PM,ride_board,,,SkyDrop,12,0.8,
18:51 PM,exit,49,,,,,time_up
18:54 PM,exit,124,,,,,time_up
18:50 PM,served,9,,IceCreamStand,,,
18:50 PM,served,46,,IceCreamStand,,,
18:50 PM,served,32,,IceCreamStand,,,
18:50 PM,served,2,,IceCreamStand,,,
18:50 PM,served,7,,IceCreamStand,,,
18:50 PM,served,36,,IceCreamStand,,,
18:50 PM,served,12,,IceCreamStand,,,
18:50 PM,served,37,,IceCreamStand,,,
18:50 PM,order,216,,IceCreamStand,,,
18:50 PM,order,45,,IceCreamStand,,,
18:50 PM,order,246,,IceCreamStand,,,
18:50 PM,order,39,,IceCreamStand,,,
18:50 PM,order,22,,IceCreamStand,,,
18:50 PM,order,40,,IceCreamStand,,,
18:50 PM,order,24,,IceCreamStand,,,
18:50 PM,order,250,,IceCreamStand,,,
19:01 PM,exit,133,,,,,time_up
19:04 PM,exit,15,,,,,time_up
19:05 PM,exit,29,,,,,time_up
19:10 PM,exit,63,,,,,time_up
19:13 PM,exit,69,,,,,time_up
19:18 PM,exit,175,,,,,time_up
19:19 PM,exit,52,,,,,time_up
19:23 PM,exit,46,,,,,time_up
19:24 PM,exit,60,,,,,time_up
19:25 PM,exit,35,,,,,time_up
19:28 PM,exit,50,,,,,time_up
19:29 PM,exit,10,,,,,time_up
19:34 PM,exit,192,,,,,time_up
19:35 PM,exit,8,,,,,time_up
19:36 PM,exit,165,,,,,time_up
19:37 PM,exit,7,,,,,time_up
19:43 PM,exit,193,,,,,time_up
19:51 PM,exit,184,,,,,time_up
19:54 PM,exit,1,,,,,time_up
19:55 PM,exit,157,,,,,time_up
19:56 PM,exit,86,,,,,time_up
20:00 PM,exit,68,,,,,time_up
20:02 PM,exit,13,,,,,time_up
20:04 PM,exit,11,,,,,time_up
20:09 PM,exit,48,,,,,time_up
20:10 PM,exit,6,,,,,time_up
20:22 PM,exit,28,,,,,time_up
20:32 PM,exit,118,,,,,time_up
20:37 PM,exit,139,,,,,time_up
20:45 PM,exit,66,,,,,time_up
20:58 PM,exit,38,,,,,time_up
20:59 PM,exit,53,,,,,time_up
21:05 PM,exit,5,,,,,time_up
21:07 PM,exit,211,,,,,time_up
21:12 PM,exit,222,,,,,time_up
21:21 PM,exit,121,,,,,time_up
21:23 PM,exit,58,,,,,time_up
21:25 PM,exit,136,,,,,time_up
21:27 PM,exit,21,,,,,time_up
21:32 PM,exit,108,,,,,time_up
21:34 PM,exit,147,,,,,time_up
21:36 PM,exit,244,,,,,time_up
21:38 PM,exit,225,,,,,time_up
21:40 PM,exit,101,,,,,time_up
21:45 PM,exit,202,,,,,time_up
21:49 PM,exit,209,,,,,time_up
21:51 PM,exit,94,,,,,time_up
21:52 PM,exit,191,,,,,time_up
21:54 PM,exit,113,,,,,time_up
21:56 PM,exit,79,,,,,time_up
21:57 PM,exit,205,,,,,time_up
21:59 PM,exit,87,,,,,time_up
22:00 PM,exit,71,,,,,time_up
22:02 PM,exit,90,,,,,time_up
22:06 PM,exit,23,,,,,time_up
22:10 PM,exit,47,,,,,time_up
22:10 PM,exit,109,,,,,time_up
22:11 PM,exit,99,,,,,time_up
22:19 PM,exit,119,,,,,time_up
22:20 PM,exit,25,,,,,time_up
22:08 PM,arrival,109,Tourist,,,,
22:23 PM,exit,141,,,,,time_up
22:08 PM,arrival,141,Tourist,,,,
22:23 PM,exit,33,,,,,time_up
22:08 PM,arrival,33,Child,,,,
22:23 PM,exit,156,,,,,time_up
22:08 PM,arrival,156,Tourist,,,,
22:23 PM,exit,3,,,,,time_up
22:08 PM,arrival,3,Child,,,,
22:26 PM,queue_length,,,HauntedMansion,54,,
22:27 PM,exit,20,,,,,time_up
22:29 PM,exit,78,,,,,time_up
22:30 PM,queue_length,,,ThunderCoaster,90,,
22:32 PM,exit,122,,,,,time_up
22:35 PM,exit,150,,,,,time_up
22:36 PM,queue_length,,,Carousel,66,,
22:37 PM,served,168,,BurgerTruck,,,
22:38 PM,exit,185,,,,,time_up
22:39 PM,exit,238,,,,,time_up
22:40 PM,exit,216,,,,,time_up
22:37 PM,served,196,,BurgerTruck,,,
22:37 PM,served,189,,BurgerTruck,,,
22:37 PM,served,163,,BurgerTruck,,,
22:37 PM,served,77,,BurgerTruck,,,
22:37 PM,served,129,,BurgerTruck,,,
22:37 PM,served,173,,BurgerTruck,,,
22:37 PM,served,135,,BurgerTruck,,,
22:37 PM,served,69,,BurgerTruck,,,
22:37 PM,served,98,,BurgerTruck,,,
22:41 PM,exit,208,,,,,time_up
22:42 PM,exit,237,,,,,time_up
22:43 PM,exit,245,,,,,time_up
22:44 PM,exit,126,,,,,time_up
22:45 PM,exit,67,,,,,time_up
22:46 PM,exit,89,,,,,time_up
22:47 PM,exit,142,,,,,time_up
22:48 PM,exit,160,,,,,time_up
22:49 PM,exit,154,,,,,time_up
22:50 PM,served,216,,IceCreamStand,,,
22:51 PM,exit,70,,,,,time_up
22:52 PM,exit,221,,,,,time_up
22:50 PM,served,45,,IceCreamStand,,,
22:50 PM,served,246,,IceCreamStand,,,
22:50 PM,served,39,,IceCreamStand,,,
22:50 PM,served,22,,IceCreamStand,,,
22:50 PM,served,40,,IceCreamStand,,,
22:50 PM,served,24,,IceCreamStand,,,
22:50 PM,served,250,,IceCreamStand,,,
22:53 PM,exit,9,,,,,time_up
22:54 PM,exit,127,,,,,time_up
22:55 PM,exit,187,,,,,time_up
22:56 PM,exit,88,,,,,time_up
22:57 PM,exit,97,,,,,time_up
22:58 PM,queue_length,,,SkyDrop,44,,
22:59 PM,exit,226,,,,,time_up
23:00 PM,exit,178,,,,,time_up
23:01 PM,exit,149,,,,,time_up
10:06 AM,queue_length,,,Carousel,0,,
10:07 AM,queue_length,,,SkyDrop,0,,
10:10 AM,queue_length,,,HauntedMansion,0,,
10:11 AM,queue_length,,,ThunderCoaster,0,,
10:14 AM,queue_length,,,SkyDrop,0,,
10:15 AM,queue_length,,,Carousel,0,,
10:13 AM,arrival,95,Tourist,,,,
10:19 AM,queue_length,,,SkyDrop,0,,
10:22 AM,queue_length,,,HauntedMansion,0,,
10:26 AM,queue_length,,,ThunderCoaster,1,,
10:27 AM,queue_length,,,Carousel,1,,
10:28 AM,ride_board,,,Carousel,1,0.5,
10:28 AM,arrival,154,Tourist,,,,
10:28 AM,arrival,170,Tourist,,,,
10:28 AM,arrival,100,Tourist,,,,
10:29 AM,queue_length,,,SkyDrop,0,,
10:31 AM,queue_length,,,ThunderCoaster,4,,
10:32 AM,ride_board,,,ThunderCoaster,4,0.9,
10:36 AM,queue_length,,,HauntedMansion,1,,
10:40 AM,arrival,106,Tourist,,,,
10:40 AM,arrival,185,Tourist,,,,
10:40 AM,arrival,52,Tourist,,,,
10:40 AM,arrival,237,AdrenalineAddict,,,,
10:40 AM,arrival,127,Tourist,,,,
10:40 AM,arrival,8,Child,,,,
10:42 AM,queue_length,,,SkyDrop,0,,
10:50 AM,queue_length,,,HauntedMansion,5,,
10:55 AM,ride_board,,,HauntedMansion,5,0.7,
10:59 AM,arrival,21,Child,,,,
10:59 AM,arrival,122,Tourist,,,,
10:59 AM,arrival,3,Child,,,,
10:59 AM,arrival,191,Tourist,,,,
10:59 AM,arrival,153,Tourist,,,,
10:59 AM,arrival,19,Child,,,,
10:59 AM,arrival,232,AdrenalineAddict,,,,
10:59 AM,arrival,248,AdrenalineAddict,,,,
10:59 AM,arrival,233,AdrenalineAddict,,,,
10:59 AM,arrival,234,AdrenalineAddict,,,,
10:59 AM,arrival,206,AdrenalineAddict,,,,
10:59 AM,arrival,118,Tourist,,,,
10:59 AM,arrival,226,AdrenalineAddict,,,,
10:59 AM,arrival,37,Child,,,,
10:59 AM,arrival,166,Tourist,,,,
11:02 AM,queue_length,,,SkyDrop,2,,
11:20 AM,order,8,,IceCreamStand,,,
11:27 AM,arrival,61,Tourist,,,,
11:27 AM,arrival,199,Tourist,,,,
11:27 AM,arrival,133,Tourist,,,,
11:27 AM,arrival,148,Tourist,,,,
11:27 AM,arrival,150,Tourist,,,,
11:27 AM,arrival,212,AdrenalineAddict,,,,
11:27 AM,arrival,142,Tourist,,,,
11:27 AM,arrival,64,Tourist,,,,
11:27 AM,arrival,250,AdrenalineAddict,,,,
11:27 AM,arrival,5,Child,,,,
11:27 AM,arrival,88,Tourist,,,,
11:27 AM,arrival,179,Tourist,,,,
11:27 AM,arrival,4,Child,,,,
11:27 AM,arrival,102,Tourist,,,,
11:27 AM,arrival,91,Tourist,,,,
11:27 AM,arrival,198,Tourist,,,,
11:27 AM,arrival,50,Child,,,,
11:42 AM,order,154,,BurgerTruck,,,
11:46 AM,queue_length,,,Carousel,13,,
11:42 AM,order,170,,BurgerTruck,,,
12:07 PM,queue_length,,,SkyDrop,8,,
12:08 PM,ride_board,,,SkyDrop,8,0.8,
12:16 PM,served,8,,IceCreamStand,,,
12:16 PM,order,19,,IceCreamStand,,,
12:24 PM,arrival,200,Tourist,,,,
12:24 PM,arrival,77,Tourist,,,,
12:24 PM,arrival,109,Tourist,,,,
12:24 PM,arrival,215,AdrenalineAddict,,,,
12:24 PM,arrival,145,Tourist,,,,
12:24 PM,arrival,114,Tourist,,,,
12:24 PM,arrival,58,Tourist,,,,
12:24 PM,arrival,107,Tourist,,,,
12:24 PM,arrival,126,Tourist,,,,
12:24 PM,arrival,129,Tourist,,,,
12:24 PM,arrival,140,Tourist,,,,
12:24 PM,arrival,210,AdrenalineAddict,,,,
12:24 PM,arrival,222,AdrenalineAddict,,,,
12:24 PM,arrival,2,Child,,,,
12:24 PM,arrival,243,AdrenalineAddict,,,,
12:24 PM,arrival,57,Tourist,,,,
12:24 PM,arrival,68,Tourist,,,,
12:24 PM,arrival,162,Tourist,,,,
12:24 PM,arrival,47,Child,,,,
12:24 PM,arrival,24,Child,,,,
12:24 PM,arrival,141,Tourist,,,,
12:24 PM,arrival,224,AdrenalineAddict,,,,
12:24 PM,arrival,42,Child,,,,
12:24 PM,arrival,105,Tourist,,,,
12:24 PM,arrival,173,Tourist,,,,
12:24 PM,arrival,27,Child,,,,
12:24 PM,arrival,214,AdrenalineAddict,,,,
12:24 PM,arrival,48,Child,,,,
12:24 PM,arrival,97,Tourist,,,,
12:24 PM,arrival,194,Tourist,,,,
12:24 PM,arrival,85,Tourist,,,,
12:24 PM,arrival,119,Tourist,,,,
12:24 PM,arrival,39,Child,,,,
12:24 PM,arrival,218,AdrenalineAddict,,,,
12:24 PM,arrival,244,AdrenalineAddict,,,,
12:24 PM,arrival,70,Tourist,,,,
12:24 PM,arrival,155,Tourist,,,,
12:24 PM,arrival,40,Child,,,,
12:24 PM,arrival,147,Tourist,,,,
12:24 PM,arrival,227,AdrenalineAddict,,,,
12:24 PM,arrival,190,Tourist,,,,
12:24 PM,arrival,11,Child,,,,
12:24 PM,arrival,28,Child,,,,
12:24 PM,arrival,1,Child,,,,
12:24 PM,arrival,31,Child,,,,
12:24 PM,arrival,20,Child,,,,
12:24 PM,arrival,139,Tourist,,,,
12:24 PM,arrival,168,Tourist,,,,
12:24 PM,arrival,225,AdrenalineAddict,,,,
12:24 PM,arrival,242,AdrenalineAddict,,,,
12:24 PM,arrival,26,Child,,,,
12:24 PM,arrival,56,Tourist,,,,
12:24 PM,arrival,60,Tourist,,,,
12:24 PM,arrival,81,Tourist,,,,
12:24 PM,arrival,131,Tourist,,,,
12:24 PM,arrival,178,Tourist,,,,
12:24 PM,arrival,221,AdrenalineAddict,,,,
12:24 PM,arrival,246,AdrenalineAddict,,,,
12:34 PM,served,154,,BurgerTruck,,,
12:37 PM,queue_length,,,Carousel,31,,
12:34 PM,served,170,,BurgerTruck,,,
12:37 PM,ride_board,,,Carousel,16,0.5,
12:34 PM,order,127,,BurgerTruck,,,
12:34 PM,order,95,,BurgerTruck,,,
12:34 PM,order,122,,BurgerTruck,,,
12:34 PM,order,52,,BurgerTruck,,,
13:12 PM,served,19,,IceCreamStand,,,
13:12 PM,order,50,,IceCreamStand,,,
13:12 PM,order,3,,IceCreamStand,,,
13:12 PM,order,8,,IceCreamStand,,,
13:12 PM,order,37,,IceCreamStand,,,
13:12 PM,order,5,,IceCreamStand,,,
13:12 PM,order,2,,IceCreamStand,,,
13:12 PM,order,24,,IceCreamStand,,,
13:12 PM,order,42,,IceCreamStand,,,
14:12 PM,arrival,249,AdrenalineAddict,,,,
14:12 PM,arrival,101,Tourist,,,,
14:12 PM,arrival,117,Tourist,,,,
14:12 PM,arrival,137,Tourist,,,,
14:12 PM,arrival,229,AdrenalineAddict,,,,
14:12 PM,arrival,43,Child,,,,
14:12 PM,arrival,209,AdrenalineAddict,,,,
14:12 PM,arrival,174,Tourist,,,,
14:12 PM,arrival,67,Tourist,,,,
14:12 PM,arrival,104,Tourist,,,,
14:12 PM,arrival,172,Tourist,,,,
14:12 PM,arrival,186,Tourist,,,,
14:12 PM,arrival,108,Tourist,,,,
14:12 PM,arrival,9,Child,,,,
14:12 PM,arrival,157,Tourist,,,,
14:12 PM,arrival,22,Child,,,,
14:12 PM,arrival,36,Child,,,,
14:12 PM,arrival,171,Tourist,,,,
14:12 PM,arrival,202,AdrenalineAddict,,,,
14:12 PM,arrival,203,AdrenalineAddict,,,,
14:12 PM,arrival,195,Tourist,,,,
14:12 PM,arrival,72,Tourist,,,,
14:12 PM,arrival,187,Tourist,,,,
14:12 PM,arrival,83,Tourist,,,,
14:12 PM,arrival,220,AdrenalineAddict,,,,
14:12 PM,arrival,32,Child,,,,
14:12 PM,arrival,93,Tourist,,,,
14:12 PM,arrival,112,Tourist,,,,
14:12 PM,arrival,213,AdrenalineAddict,,,,
14:12 PM,arrival,59,Tourist,,,,
14:12 PM,arrival,66,Tourist,,,,
14:12 PM,arrival,196,Tourist,,,,
14:12 PM,arrival,15,Child,,,,
14:12 PM,arrival,197,Tourist,,,,
14:12 PM,arrival,12,Child,,,,
14:12 PM,arrival,23,Child,,,,
14:12 PM,arrival,80,Tourist,,,,
14:12 PM,arrival,230,AdrenalineAddict,,,,
14:12 PM,arrival,241,AdrenalineAddict,,,,
14:12 PM,arrival,75,Tourist,,,,
14:12 PM,arrival,125,Tourist,,,,
14:12 PM,arrival,87,Tourist,,,,
14:12 PM,arrival,136,Tourist,,,,
14:12 PM,arrival,164,Tourist,,,,
14:12 PM,arrival,45,Child,,,,
14:12 PM,arrival,159,Tourist,,,,
14:12 PM,arrival,7,Child,,,,
14:12 PM,arrival,113,Tourist,,,,
14:12 PM,arrival,204,AdrenalineAddict,,,,
14:12 PM,arrival,177,Tourist,,,,
14:12 PM,arrival,63,Tourist,,,,
14:12 PM,arrival,89,Tourist,,,,
14:12 PM,arrival,240,AdrenalineAddict,,,,
14:12 PM,arrival,144,Tourist,,,,
14:12 PM,arrival,121,Tourist,,,,
14:12 PM,arrival,219,AdrenalineAddict,,,,
14:12 PM,arrival,69,Tourist,,,,
14:12 PM,arrival,132,Tourist,,,,
14:12 PM,arrival,96,Tourist,,,,
14:12 PM,arrival,49,Child,,,,
14:12 PM,arrival,216,AdrenalineAddict,,,,
14:12 PM,arrival,143,Tourist,,,,
14:12 PM,arrival,180,Tourist,,,,
14:12 PM,arrival,236,AdrenalineAddict,,,,
14:12 PM,arrival,98,Tourist,,,,
14:12 PM,arrival,135,Tourist,,,,
14:12 PM,arrival,169,Tourist,,,,
14:12 PM,arrival,158,Tourist,,,,
14:12 PM,arrival,205,AdrenalineAddict,,,,
14:12 PM,arrival,103,Tourist,,,,
14:12 PM,arrival,53,Tourist,,,,
14:12 PM,arrival,71,Tourist,,,,
14:12 PM,arrival,76,Tourist,,,,
14:12 PM,arrival,73,Tourist,,,,
14:12 PM,arrival,62,Tourist,,,,
14:12 PM,arrival,175,Tourist,,,,
14:12 PM,arrival,55,Tourist,,,,
14:12 PM,arrival,123,Tourist,,,,
14:12 PM,arrival,94,Tourist,,,,
14:12 PM,arrival,239,AdrenalineAddict,,,,
14:12 PM,arrival,74,Tourist,,,,
14:12 PM,arrival,16,Child,,,,
14:12 PM,arrival,207,AdrenalineAddict,,,,
14:12 PM,arrival,38,Child,,,,
14:12 PM,arrival,84,Tourist,,,,
14:12 PM,arrival,235,AdrenalineAddict,,,,
14:12 PM,arrival,231,AdrenalineAddict,,,,
14:12 PM,arrival,124,Tourist,,,,
14:20 PM,exit,21,,,,,time_up
14:25 PM,served,127,,BurgerTruck,,,
14:25 PM,served,95,,BurgerTruck,,,
14:25 PM,served,122,,BurgerTruck,,,
14:25 PM,served,52,,BurgerTruck,,,
14:25 PM,order,106,,BurgerTruck,,,
14:25 PM,order,153,,BurgerTruck,,,
14:25 PM,order,142,,BurgerTruck,,,
14:25 PM,order,198,,BurgerTruck,,,
14:25 PM,order,91,,BurgerTruck,,,
14:25 PM,order,102,,BurgerTruck,,,
14:25 PM,order,88,,BurgerTruck,,,
14:25 PM,order,150,,BurgerTruck,,,
14:25 PM,order,139,,BurgerTruck,,,
14:25 PM,order,70,,BurgerTruck,,,
14:59 PM,exit,4,,,,,time_up
15:19 PM,exit,26,,,,,time_up
15:38 PM,served,50,,IceCreamStand,,,
15:40 PM,exit,20,,,,,time_up
15:38 PM,served,3,,IceCreamStand,,,
15:38 PM,served,8,,IceCreamStand,,,
15:38 PM,served,37,,IceCreamStand,,,
15:38 PM,served,5,,IceCreamStand,,,
15:38 PM,served,2,,IceCreamStand,,,
15:38 PM,served,24,,IceCreamStand,,,
15:38 PM,served,42,,IceCreamStand,,,
15:38 PM,order,1,,IceCreamStand,,,
15:38 PM,order,31,,IceCreamStand,,,
15:38 PM,order,40,,IceCreamStand,,,
15:38 PM,order,28,,IceCreamStand,,,
16:36 PM,exit,32,,,,,time_up
17:04 PM,exit,16,,,,,time_up
17:27 PM,arrival,17,Child,,,,
17:27 PM,arrival,13,Child,,,,
17:27 PM,arrival,138,Tourist,,,,
17:27 PM,arrival,78,Tourist,,,,
17:27 PM,arrival,130,Tourist,,,,
17:27 PM,arrival,35,Child,,,,
17:27 PM,arrival,163,Tourist,,,,
17:27 PM,arrival,116,Tourist,,,,
17:27 PM,arrival,44,Child,,,,
17:27 PM,arrival,115,Tourist,,,,
17:27 PM,arrival,223,AdrenalineAddict,,,,
17:27 PM,arrival,111,Tourist,,,,
17:27 PM,arrival,184,Tourist,,,,
17:27 PM,arrival,211,AdrenalineAddict,,,,
17:27 PM,arrival,160,Tourist,,,,
17:27 PM,arrival,193,Tourist,,,,
17:27 PM,arrival,54,Tourist,,,,
17:27 PM,arrival,156,Tourist,,,,
17:27 PM,arrival,217,AdrenalineAddict,,,,
17:27 PM,arrival,51,Tourist,,,,
17:27 PM,arrival,128,Tourist,,,,
17:27 PM,arrival,41,Child,,,,
17:27 PM,arrival,120,Tourist,,,,
17:27 PM,arrival,161,Tourist,,,,
17:27 PM,arrival,25,Child,,,,
17:27 PM,arrival,152,Tourist,,,,
17:27 PM,arrival,208,AdrenalineAddict,,,,
17:27 PM,arrival,183,Tourist,,,,
17:27 PM,arrival,65,Tourist,,,,
17:27 PM,arrival,18,Child,,,,
17:27 PM,arrival,33,Child,,,,
17:27 PM,arrival,245,AdrenalineAddict,,,,
17:27 PM,arrival,10,Child,,,,
17:27 PM,arrival,29,Child,,,,
17:27 PM,arrival,14,Child,,,,
17:27 PM,arrival,165,Tourist,,,,
17:27 PM,arrival,167,Tourist,,,,
17:27 PM,arrival,99,Tourist,,,,
17:27 PM,arrival,46,Child,,,,
17:27 PM,arrival,151,Tourist,,,,
17:27 PM,arrival,6,Child,,,,
17:27 PM,arrival,188,Tourist,,,,
17:27 PM,arrival,176,Tourist,,,,
17:27 PM,arrival,192,Tourist,,,,
17:27 PM,arrival,134,Tourist,,,,
17:27 PM,arrival,228,AdrenalineAddict,,,,
17:27 PM,arrival,189,Tourist,,,,
17:27 PM,arrival,247,AdrenalineAddict,,,,
17:27 PM,arrival,86,Tourist,,,,
17:27 PM,arrival,182,Tourist,,,,
17:27 PM,arrival,90,Tourist,,,,
17:27 PM,arrival,82,Tourist,,,,
17:27 PM,arrival,149,Tourist,,,,
17:27 PM,arrival,181,Tourist,,,,
17:27 PM,arrival,238,AdrenalineAddict,,,,
17:27 PM,arrival,146,Tourist,,,,
17:27 PM,arrival,30,Child,,,,
17:27 PM,arrival,34,Child,,,,
17:27 PM,arrival,79,Tourist,,,,
17:35 PM,queue_length,,,ThunderCoaster,96,,
17:40 PM,served,106,,BurgerTruck,,,
17:41 PM,exit,95,,,,,time_up
17:40 PM,served,153,,BurgerTruck,,,
17:40 PM,served,142,,BurgerTruck,,,
17:40 PM,served,198,,BurgerTruck,,,
17:40 PM,served,91,,BurgerTruck,,,
17:40 PM,served,102,,BurgerTruck,,,
17:40 PM,served,88,,BurgerTruck,,,
17:40 PM,served,150,,BurgerTruck,,,
17:40 PM,served,139,,BurgerTruck,,,
17:40 PM,served,70,,BurgerTruck,,,
17:40 PM,order,85,,BurgerTruck,,,
17:40 PM,order,190,,BurgerTruck,,,
17:40 PM,order,60,,BurgerTruck,,,
17:40 PM,order,154,,BurgerTruck,,,
17:40 PM,order,100,,BurgerTruck,,,
17:40 PM,order,185,,BurgerTruck,,,
17:40 PM,order,118,,BurgerTruck,,,
17:40 PM,order,61,,BurgerTruck,,,
17:40 PM,order,191,,BurgerTruck,,,
17:40 PM,order,166,,BurgerTruck,,,
17:46 PM,queue_length,,,HauntedMansion,67,,
17:56 PM,exit,3,,,,,time_up
18:03 PM,exit,19,,,,,time_up
18:23 PM,exit,105,,,,,time_up
18:25 PM,exit,48,,,,,time_up
18:26 PM,exit,119,,,,,time_up
18:29 PM,exit,40,,,,,time_up
18:31 PM,exit,39,,,,,time_up
18:34 PM,exit,131,,,,,time_up
18:35 PM,exit,97,,,,,time_up
18:36 PM,exit,24,,,,,time_up
18:37 PM,exit,162,,,,,time_up
18:40 PM,exit,47,,,,,time_up
18:41 PM,exit,178,,,,,time_up
18:42 PM,exit,140,,,,,time_up
18:44 PM,exit,11,,,,,time_up
18:54 PM,exit,200,,,,,time_up
18:56 PM,exit,57,,,,,time_up
18:57 PM,exit,109,,,,,time_up
18:59 PM,exit,126,,,,,time_up
19:02 PM,exit,155,,,,,time_up
19:03 PM,exit,85,,,,,time_up
19:04 PM,served,1,,IceCreamStand,,,
19:04 PM,served,31,,IceCreamStand,,,
19:04 PM,served,40,,IceCreamStand,,,
19:04 PM,served,28,,IceCreamStand,,,
19:04 PM,order,22,,IceCreamStand,,,
19:04 PM,order,36,,IceCreamStand,,,
19:04 PM,order,43,,IceCreamStand,,,
19:04 PM,order,226,,IceCreamStand,,,
19:04 PM,order,232,,IceCreamStand,,,
19:04 PM,order,248,,IceCreamStand,,,
19:04 PM,order,215,,IceCreamStand,,,
19:04 PM,order,227,,IceCreamStand,,,
19:13 PM,exit,27,,,,,time_up
19:44 PM,exit,9,,,,,time_up
19:45 PM,exit,195,,,,,time_up
19:49 PM,exit,23,,,,,time_up
19:57 PM,exit,169,,,,,time_up
20:01 PM,exit,121,,,,,time_up
20:05 PM,exit,63,,,,,time_up
20:08 PM,exit,69,,,,,time_up
20:22 PM,exit,7,,,,,time_up
20:12 PM,exit,38,,,,,time_up
20:09 PM,exit,49,,,,,time_up
20:25 PM,exit,94,,,,,time_up
20:29 PM,exit,53,,,,,time_up
20:39 PM,exit,35,,,,,time_up
20:49 PM,exit,123,,,,,time_up
20:51 PM,exit,158,,,,,time_up
21:00 PM,exit,41,,,,,time_up
21:01 PM,exit,183,,,,,time_up
21:04 PM,exit,245,,,,,time_up
21:05 PM,exit,156,,,,,time_up
21:06 PM,exit,65,,,,,time_up
21:08 PM,exit,29,,,,,time_up
21:09 PM,exit,14,,,,,time_up
21:11 PM,exit,167,,,,,time_up
21:14 PM,exit,217,,,,,time_up
21:21 PM,exit,151,,,,,time_up
21:22 PM,exit,6,,,,,time_up
21:24 PM,exit,134,,,,,time_up
21:26 PM,exit,182,,,,,time_up
21:31 PM,exit,86,,,,,time_up
21:35 PM,exit,189,,,,,time_up
21:37 PM,exit,30,,,,,time_up
21:38 PM,exit,82,,,,,time_up
21:40 PM,exit,181,,,,,time_up
21:41 PM,exit,110,,,,,time_up
21:39 PM,arrival,110,Tourist,,,,
21:41 PM,exit,92,,,,,time_up
21:39 PM,arrival,92,Tourist,,,,
21:41 PM,exit,201,,,,,time_up
21:39 PM,arrival,201,AdrenalineAddict,,,,
21:45 PM,served,85,,BurgerTruck,,,
21:46 PM,exit,100,,,,,time_up
21:49 PM,queue_length,,,ThunderCoaster,96,,
21:45 PM,served,190,,BurgerTruck,,,
21:45 PM,served,60,,BurgerTruck,,,
21:45 PM,served,154,,BurgerTruck,,,
21:45 PM,served,100,,BurgerTruck,,,
21:45 PM,served,185,,BurgerTruck,,,
21:45 PM,served,118,,BurgerTruck,,,
21:45 PM,served,61,,BurgerTruck,,,
21:45 PM,served,191,,BurgerTruck,,,
21:45 PM,served,166,,BurgerTruck,,,
21:52 PM,exit,122,,,,,time_up
21:53 PM,exit,234,,,,,time_up
21:54 PM,exit,226,,,,,time_up
21:55 PM,exit,166,,,,,time_up
21:56 PM,queue_length,,,HauntedMansion,67,,
21:57 PM,exit,8,,,,,time_up
21:58 PM,exit,248,,,,,time_up
21:59 PM,exit,106,,,,,time_up
22:00 PM,exit,153,,,,,time_up
22:01 PM,exit,37,,,,,time_up
22:02 PM,exit,191,,,,,time_up
22:03 PM,exit,52,,,,,time_up
22:04 PM,exit,185,,,,,time_up
22:05 PM,exit,233,,,,,time_up
22:06 PM,exit,118,,,,,time_up
22:07 PM,exit,61,,,,,time_up
22:08 PM,exit,206,,,,,time_up
22:09 PM,exit,237,,,,,time_up
22:10 PM,queue_length,,,SkyDrop,58,,
22:11 PM,exit,148,,,,,time_up
22:12 PM,exit,150,,,,,time_up
22:13 PM,exit,212,,,,,time_up
22:14 PM,exit,142,,,,,time_up
22:15 PM,exit,60,,,,,time_up
22:16 PM,exit,129,,,,,time_up
22:17 PM,exit,64,,,,,time_up
22:18 PM,exit,91,,,,,time_up
22:19 PM,exit,77,,,,,time_up
22:20 PM,exit,179,,,,,time_up
22:21 PM,exit,198,,,,,time_up
22:22 PM,exit,5,,,,,time_up
22:23 PM,exit,88,,,,,time_up
22:24 PM,exit,114,,,,,time_up
22:25 PM,exit,215,,,,,time_up
22:26 PM,exit,107,,,,,time_up
22:27 PM,exit,218,,,,,time_up
22:28 PM,exit,250,,,,,time_up
22:29 PM,exit,102,,,,,time_up
22:30 PM,exit,199,,,,,time_up
22:31 PM,exit,133,,,,,time_up
22:32 PM,exit,145,,,,,time_up
22:33 PM,exit,50,,,,,time_up
22:34 PM,exit,168,,,,,time_up
22:35 PM,exit,141,,,,,time_up
22:36 PM,exit,68,,,,,time_up
22:37 PM,exit,225,,,,,time_up
22:38 PM,exit,58,,,,,time_up
22:39 PM,exit,147,,,,,time_up
22:40 PM,exit,173,,,,,time_up
22:41 PM,exit,224,,,,,time_up
22:42 PM,exit,244,,,,,time_up
22:43 PM,exit,214,,,,,time_up
22:44 PM,exit,81,,,,,time_up
22:45 PM,exit,42,,,,,time_up
22:46 PM,exit,139,,,,,time_up
22:47 PM,exit,242,,,,,time_up
22:48 PM,exit,243,,,,,time_up
22:49 PM,exit,190,,,,,time_up
22:50 PM,exit,31,,,,,time_up
22:51 PM,exit,2,,,,,time_up
22:52 PM,exit,227,,,,,time_up
22:53 PM,exit,174,,,,,time_up
22:54 PM,exit,222,,,,,time_up
22:55 PM,exit,28,,,,,time_up
22:56 PM,served,22,,IceCreamStand,,,
22:56 PM,served,36,,IceCreamStand,,,
22:58 PM,exit,157,,,,,time_up
22:59 PM,exit,249,,,,,time_up
23:00 PM,exit,108,,,,,time_up
23:01 PM,exit,22,,,,,time_up
23:02 PM,exit,36,,,,,time_up
23:03 PM,exit,104,,,,,time_up
23:04 PM,exit,194,,,,,time_up
23:05 PM,exit,221,,,,,time_up
23:06 PM,exit,101,,,,,time_up
23:07 PM,exit,70,,,,,time_up
23:08 PM,exit,172,,,,,time_up
23:09 PM,exit,202,,,,,time_up
23:10 PM,exit,210,,,,,time_up
23:11 PM,exit,171,,,,,time_up
23:12 PM,exit,117,,,,,time_up
23:13 PM,exit,1,,,,,time_up
22:57 PM,exit,56,,,,,time_up
23:14 PM,exit,246,,,,,time_up
22:56 PM,served,43,,IceCreamStand,,,
22:56 PM,served,226,,IceCreamStand,,,
22:56 PM,served,232,,IceCreamStand,,,
22:56 PM,served,248,,IceCreamStand,,,
22:56 PM,served,215,,IceCreamStand,,,
22:56 PM,served,227,,IceCreamStand,,,
23:15 PM,exit,229,,,,,time_up
23:16 PM,exit,187,,,,,time_up
23:17 PM,exit,186,,,,,time_up
23:18 PM,exit,59,,,,,time_up
23:19 PM,exit,209,,,,,time_up
23:20 PM,exit,83,,,,,time_up
23:21 PM,exit,43,,,,,time_up
23:22 PM,exit,196,,,,,time_up
23:23 PM,exit,197,,,,,time_up
23:24 PM,exit,12,,,,,time_up
23:25 PM,exit,220,,,,,time_up
23:26 PM,exit,112,,,,,time_up
23:27 PM,exit,15,,,,,time_up
23:28 PM,exit,67,,,,,time_up
23:29 PM,exit,66,,,,,time_up
23:30 PM,exit,137,,,,,time_up
23:31 PM,exit,72,,,,,time_up
23:32 PM,exit,213,,,,,time_up
23:33 PM,exit,203,,,,,time_up
23:34 PM,exit,93,,,,,time_up
23:35 PM,exit,230,,,,,time_up
23:36 PM,exit,241,,,,,time_up
23:37 PM,exit,75,,,,,time_up
23:38 PM,exit,80,,,,,time_up
23:39 PM,exit,125,,,,,time_up
23:40 PM,exit,87,,,,,time_up
23:41 PM,exit,216,,,,,time_up
23:42 PM,exit,219,,,,,time_up
23:43 PM,exit,144,,,,,time_up
23:44 PM,exit,236,,,,,time_up
23:45 PM,exit,96,,,,,time_up
23:46 PM,exit,98,,,,,time_up
23:47 PM,exit,113,,,,,time_up
23:48 PM,exit,71,,,,,time_up
23:49 PM,exit,204,,,,,time_up
23:50 PM,exit,78,,,,,time_up
23:51 PM,exit,211,,,,,time_up
23:52 PM,exit,73,,,,,time_up
23:53 PM,exit,177,,,,,time_up
23:54 PM,exit,205,,,,,time_up
23:55 PM,exit,55,,,,,time_up
23:56 PM,exit,207,,,,,time_up
23:57 PM,exit,89,,,,,time_up
23:58 PM,exit,76,,,,,time_up
23:59 PM,exit,138,,,,,time_up
24:00 PM,exit,116,,,,,time_up
24:01 PM,exit,239,,,,,time_up
24:02 PM,exit,130,,,,,time_up
24:03 PM,exit,175,,,,,time_up
24:04 PM,exit,132,,,,,time_up
24:05 PM,exit,163,,,,,time_up
24:06 PM,exit,240,,,,,time_up
24:07 PM,exit,103,,,,,time_up
24:08 PM,exit,164,,,,,time_up
24:09 PM,exit,235,,,,,time_up
24:10 PM,exit,159,,,,,time_up
24:11 PM,exit,231,,,,,time_up
24:12 PM,exit,124,,,,,time_up
24:13 PM,exit,84,,,,,time_up
24:14 PM,exit,45,,,,,time_up
24:15 PM,exit,135,,,,,time_up
24:16 PM,exit,62,,,,,time_up
24:17 PM,exit,44,,,,,time_up
24:18 PM,exit,180,,,,,time_up
24:19 PM,exit,51,,,,,time_up
24:20 PM,exit,120,,,,,time_up
24:21 PM,exit,90,,,,,time_up
24:22 PM,exit,136,,,,,time_up
24:23 PM,exit,25,,,,,time_up
24:24 PM,exit,33,,,,,time_up
24:25 PM,exit,115,,,,,time_up
24:26 PM,exit,152,,,,,time_up
24:27 PM,exit,54,,,,,time_up
24:28 PM,exit,149,,,,,time_up
24:29 PM,exit,228,,,,,time_up
24:30 PM,exit,223,,,,,time_up
24:31 PM,exit,17,,,,,time_up
24:32 PM,exit,111,,,,,time_up
24:33 PM,exit,184,,,,,time_up
24:34 PM,exit,74,,,,,time_up
24:35 PM,exit,143,,,,,time_up
24:36 PM,exit,160,,,,,time_up
24:37 PM,exit,193,,,,,time_up
24:38 PM,exit,128,,,,,time_up
24:39 PM,exit,238,,,,,time_up
24:40 PM,exit,208,,,,,time_up
24:41 PM,exit,176,,,,,time_up
24:42 PM,exit,13,,,,,time_up
24:43 PM,exit,165,,,,,time_up
24:44 PM,exit,46,,,,,time_up
24:45 PM,exit,192,,,,,time_up
24:46 PM,exit,161,,,,,time_up
24:47 PM,exit,10,,,,,time_up
24:48 PM,exit,18,,,,,time_up
24:49 PM,exit,34,,,,,time_up
24:50 PM,exit,99,,,,,time_up
24:51 PM,exit,188,,,,,time_up
24:52 PM,exit,146,,,,,time_up
24:53 PM,exit,79,,,,,time_up
24:54 PM,exit,247,,,,,time_up
24:55 PM,exit,127,,,,,time_up
24:56 PM,exit,154,,,,,time_up
24:57 PM,queue_length,,,Carousel,51,,
24:58 PM,exit,170,,,,,time_up
10:00 AM,arrival,234,AdrenalineAddict,,,,
10:07 AM,queue_length,,,ThunderCoaster,1,,
10:08 AM,queue_length,,,HauntedMansion,0,,
10:09 AM,queue_length,,,SkyDrop,0,,
10:10 AM,ride_board,,,ThunderCoaster,2,0.9,
10:10 AM,ride_breakdown,,,ThunderCoaster,14,,
10:06 AM,arrival,222,AdrenalineAddict,,,,
10:06 AM,arrival,96,Tourist,,,,
10:15 AM,queue_length,,,Carousel,0,,
10:19 AM,queue_length,,,HauntedMansion,1,,
10:23 AM,queue_length,,,SkyDrop,0,,
10:27 AM,queue_length,,,HauntedMansion,2,,
10:27 AM,ride_board,,,HauntedMansion,2,0.7,
10:31 AM,queue_length,,,Carousel,0,,
10:29 AM,arrival,84,Tourist,,,,
10:29 AM,arrival,171,Tourist,,,,
10:29 AM,arrival,147,Tourist,,,,
10:29 AM,arrival,72,Tourist,,,,
10:29 AM,arrival,193,Tourist,,,,
10:29 AM,arrival,31,Child,,,,
10:29 AM,arrival,201,AdrenalineAddict,,,,
10:29 AM,arrival,136,Tourist,,,,
10:29 AM,arrival,35,Child,,,,
10:29 AM,arrival,231,AdrenalineAddict,,,,
10:29 AM,arrival,116,Tourist,,,,
10:29 AM,arrival,196,Tourist,,,,
10:34 AM,ride_repaired,,,ThunderCoaster,,,
10:35 AM,queue_length,,,SkyDrop,1,,
10:44 AM,arrival,30,Child,,,,
10:44 AM,arrival,47,Child,,,,
10:47 AM,queue_length,,,Carousel,5,,
10:44 AM,arrival,127,Tourist,,,,
10:44 AM,arrival,160,Tourist,,,,
10:44 AM,arrival,187,Tourist,,,,
10:44 AM,arrival,129,Tourist,,,,
10:44 AM,arrival,247,AdrenalineAddict,,,,
10:59 AM,queue_length,,,SkyDrop,4,,
10:59 AM,ride_board,,,SkyDrop,4,0.8,
11:15 AM,queue_length,,,Carousel,5,,
11:19 AM,order,30,,IceCreamStand,,,
11:20 AM,ride_board,,,Carousel,5,0.5,
11:20 AM,arrival,140,Tourist,,,,
11:19 AM,order,31,,IceCreamStand,,,
11:19 AM,order,47,,IceCreamStand,,,
11:20 AM,arrival,83,Tourist,,,,
11:20 AM,arrival,133,Tourist,,,,
11:20 AM,arrival,69,Tourist,,,,
11:20 AM,arrival,244,AdrenalineAddict,,,,
11:20 AM,arrival,207,AdrenalineAddict,,,,
11:20 AM,arrival,11,Child,,,,
11:20 AM,arrival,78,Tourist,,,,
11:20 AM,arrival,73,Tourist,,,,
11:20 AM,arrival,97,Tourist,,,,
11:20 AM,arrival,203,AdrenalineAddict,,,,
11:20 AM,arrival,27,Child,,,,
11:20 AM,arrival,76,Tourist,,,,
11:20 AM,arrival,107,Tourist,,,,
11:20 AM,arrival,44,Child,,,,
11:20 AM,arrival,88,Tourist,,,,
11:20 AM,arrival,211,AdrenalineAddict,,,,
11:20 AM,arrival,149,Tourist,,,,
11:20 AM,arrival,150,Tourist,,,,
11:20 AM,arrival,94,Tourist,,,,
11:20 AM,arrival,199,Tourist,,,,
11:55 AM,served,30,,IceCreamStand,,,
11:55 AM,served,31,,IceCreamStand,,,
11:55 AM,served,47,,IceCreamStand,,,
11:55 AM,order,27,,IceCreamStand,,,
11:55 AM,order,44,,IceCreamStand,,,
11:55 AM,order,35,,IceCreamStand,,,
12:18 PM,arrival,177,Tourist,,,,
12:18 PM,arrival,249,AdrenalineAddict,,,,
12:18 PM,arrival,227,AdrenalineAddict,,,,
12:18 PM,arrival,168,Tourist,,,,
12:18 PM,arrival,41,Child,,,,
12:18 PM,arrival,49,Child,,,,
12:18 PM,arrival,80,Tourist,,,,
12:18 PM,arrival,237,AdrenalineAddict,,,,
12:18 PM,arrival,124,Tourist,,,,
12:18 PM,arrival,50,Child,,,,
12:18 PM,arrival,179,Tourist,,,,
12:18 PM,arrival,119,Tourist,,,,
12:18 PM,arrival,167,Tourist,,,,
12:18 PM,arrival,106,Tourist,,,,
12:18 PM,arrival,183,Tourist,,,,
12:18 PM,arrival,242,AdrenalineAddict,,,,
12:18 PM,arrival,161,Tourist,,,,
12:18 PM,arrival,52,Tourist,,,,
12:18 PM,arrival,7,Child,,,,
12:18 PM,arrival,18,Child,,,,
12:18 PM,arrival,165,Tourist,,,,
12:18 PM,arrival,240,AdrenalineAddict,,,,
12:18 PM,arrival,5,Child,,,,
12:18 PM,arrival,57,Tourist,,,,
12:18 PM,arrival,65,Tourist,,,,
12:18 PM,arrival,112,Tourist,,,,
12:18 PM,arrival,228,AdrenalineAddict,,,,
12:18 PM,arrival,248,AdrenalineAddict,,,,
12:18 PM,arrival,42,Child,,,,
12:18 PM,arrival,91,Tourist,,,,
12:18 PM,arrival,104,Tourist,,,,
12:18 PM,arrival,221,AdrenalineAddict,,,,
12:18 PM,arrival,186,Tourist,,,,
12:18 PM,arrival,59,Tourist,,,,
12:18 PM,arrival,190,Tourist,,,,
12:18 PM,arrival,134,Tourist,,,,
12:18 PM,arrival,2,Child,,,,
12:18 PM,arrival,79,Tourist,,,,
12:18 PM,arrival,194,Tourist,,,,
12:18 PM,arrival,113,Tourist,,,,
12:18 PM,arrival,184,Tourist,,,,
12:18 PM,arrival,141,Tourist,,,,
12:18 PM,arrival,56,Tourist,,,,
12:18 PM,arrival,60,Tourist,,,,
12:18 PM,arrival,3,Child,,,,
12:18 PM,arrival,202,AdrenalineAddict,,,,
12:18 PM,arrival,131,Tourist,,,,
12:18 PM,arrival,71,Tourist,,,,
12:18 PM,arrival,130,Tourist,,,,
12:22 PM,order,171,,BurgerTruck,,,
12:22 PM,order,116,,BurgerTruck,,,
12:22 PM,order,84,,BurgerTruck,,,
12:22 PM,order,136,,BurgerTruck,,,
12:22 PM,order,72,,BurgerTruck,,,
12:44 PM,queue_length,,,ThunderCoaster,34,,
12:57 PM,served,27,,IceCreamStand,,,
12:57 PM,served,44,,IceCreamStand,,,
12:57 PM,served,35,,IceCreamStand,,,
12:57 PM,order,47,,IceCreamStand,,,
12:57 PM,order,11,,IceCreamStand,,,
14:02 PM,arrival,90,Tourist,,,,
14:02 PM,arrival,99,Tourist,,,,
14:02 PM,arrival,217,AdrenalineAddict,,,,
14:02 PM,arrival,195,Tourist,,,,
14:02 PM,arrival,215,AdrenalineAddict,,,,
14:02 PM,arrival,243,AdrenalineAddict,,,,
14:02 PM,arrival,33,Child,,,,
14:02 PM,arrival,68,Tourist,,,,
14:02 PM,arrival,154,Tourist,,,,
14:02 PM,arrival,4,Child,,,,
14:02 PM,arrival,213,AdrenalineAddict,,,,
14:02 PM,arrival,246,AdrenalineAddict,,,,
14:02 PM,arrival,19,Child,,,,
14:02 PM,arrival,93,Tourist,,,,
14:02 PM,arrival,100,Tourist,,,,
14:02 PM,arrival,180,Tourist,,,,
14:02 PM,arrival,206,AdrenalineAddict,,,,
14:02 PM,arrival,152,Tourist,,,,
14:02 PM,arrival,239,AdrenalineAddict,,,,
14:02 PM,arrival,6,Child,,,,
14:02 PM,arrival,151,Tourist,,,,
14:02 PM,arrival,138,Tourist,,,,
14:02 PM,arrival,117,Tourist,,,,
14:02 PM,arrival,22,Child,,,,
14:02 PM,arrival,86,Tourist,,,,
14:02 PM,arrival,122,Tourist,,,,
14:02 PM,arrival,28,Child,,,,
14:02 PM,arrival,158,Tourist,,,,
14:02 PM,arrival,38,Child,,,,
14:02 PM,arrival,51,Tourist,,,,
14:02 PM,arrival,92,Tourist,,,,
14:02 PM,arrival,109,Tourist,,,,
14:02 PM,arrival,24,Child,,,,
14:02 PM,arrival,198,Tourist,,,,
14:02 PM,arrival,220,AdrenalineAddict,,,,
14:02 PM,arrival,223,AdrenalineAddict,,,,
14:02 PM,arrival,105,Tourist,,,,
14:02 PM,arrival,172,Tourist,,,,
14:02 PM,arrival,166,Tourist,,,,
14:02 PM,arrival,169,Tourist,,,,
14:02 PM,arrival,191,Tourist,,,,
14:02 PM,arrival,62,Tourist,,,,
14:02 PM,arrival,77,Tourist,,,,
14:02 PM,arrival,139,Tourist,,,,
14:02 PM,arrival,163,Tourist,,,,
14:02 PM,arrival,226,AdrenalineAddict,,,,
14:02 PM,arrival,10,Child,,,,
14:02 PM,arrival,85,Tourist,,,,
14:02 PM,arrival,176,Tourist,,,,
14:02 PM,arrival,192,Tourist,,,,
14:02 PM,arrival,250,AdrenalineAddict,,,,
14:02 PM,arrival,37,Child,,,,
14:02 PM,arrival,81,Tourist,,,,
14:02 PM,arrival,110,Tourist,,,,
14:02 PM,arrival,15,Child,,,,
14:02 PM,arrival,82,Tourist,,,,
14:02 PM,arrival,123,Tourist,,,,
14:02 PM,arrival,118,Tourist,,,,
14:02 PM,arrival,9,Child,,,,
14:02 PM,arrival,159,Tourist,,,,
14:02 PM,arrival,43,Child,,,,
14:02 PM,arrival,197,Tourist,,,,
14:02 PM,arrival,241,AdrenalineAddict,,,,
14:02 PM,arrival,229,AdrenalineAddict,,,,
14:02 PM,arrival,155,Tourist,,,,
14:02 PM,arrival,66,Tourist,,,,
14:02 PM,arrival,25,Child,,,,
14:02 PM,arrival,153,Tourist,,,,
14:02 PM,arrival,114,Tourist,,,,
14:02 PM,arrival,75,Tourist,,,,
14:02 PM,arrival,178,Tourist,,,,
14:02 PM,arrival,132,Tourist,,,,
14:02 PM,arrival,103,Tourist,,,,
14:02 PM,arrival,204,AdrenalineAddict,,,,
14:02 PM,arrival,17,Child,,,,
14:02 PM,arrival,46,Child,,,,
14:02 PM,arrival,55,Tourist,,,,
14:02 PM,arrival,121,Tourist,,,,
14:02 PM,arrival,70,Tourist,,,,
14:02 PM,arrival,170,Tourist,,,,
14:02 PM,arrival,182,Tourist,,,,
14:02 PM,arrival,232,AdrenalineAddict,,,,
14:02 PM,arrival,32,Child,,,,
14:02 PM,arrival,12,Child,,,,
14:02 PM,arrival,61,Tourist,,,,
14:02 PM,arrival,95,Tourist,,,,
14:02 PM,arrival,181,Tourist,,,,
14:02 PM,arrival,245,AdrenalineAddict,,,,
14:02 PM,arrival,224,AdrenalineAddict,,,,
14:02 PM,arrival,98,Tourist,,,,
14:05 PM,queue_length,,,HauntedMansion,55,,
14:06 PM,served,171,,BurgerTruck,,,
14:19 PM,exit,30,,,,,time_up
14:06 PM,served,116,,BurgerTruck,,,
14:06 PM,served,84,,BurgerTruck,,,
14:06 PM,served,136,,BurgerTruck,,,
14:06 PM,served,72,,BurgerTruck,,,
14:06 PM,order,187,,BurgerTruck,,,
14:06 PM,order,127,,BurgerTruck,,,
14:06 PM,order,140,,BurgerTruck,,,
14:06 PM,order,96,,BurgerTruck,,,
14:06 PM,order,160,,BurgerTruck,,,
14:06 PM,order,83,,BurgerTruck,,,
14:06 PM,order,129,,BurgerTruck,,,
14:06 PM,order,94,,BurgerTruck,,,
14:06 PM,order,179,,BurgerTruck,,,
14:06 PM,order,165,,BurgerTruck,,,
14:41 PM,queue_length,,,ThunderCoaster,73,,
14:42 PM,served,47,,IceCreamStand,,,
14:42 PM,ride_board,,,ThunderCoaster,24,0.9,
14:42 PM,served,11,,IceCreamStand,,,
14:42 PM,order,42,,IceCreamStand,,,
14:49 PM,exit,35,,,,,time_up
15:34 PM,exit,2,,,,,time_up
16:35 PM,exit,10,,,,,time_up
16:43 PM,exit,9,,,,,time_up
16:52 PM,exit,32,,,,,time_up
17:05 PM,arrival,115,Tourist,,,,
17:05 PM,arrival,200,Tourist,,,,
17:05 PM,arrival,29,Child,,,,
17:05 PM,arrival,21,Child,,,,
17:05 PM,arrival,39,Child,,,,
17:05 PM,arrival,143,Tourist,,,,
17:05 PM,arrival,210,AdrenalineAddict,,,,
17:05 PM,arrival,16,Child,,,,
17:05 PM,arrival,87,Tourist,,,,
17:05 PM,arrival,157,Tourist,,,,
17:05 PM,arrival,53,Tourist,,,,
17:05 PM,arrival,26,Child,,,,
17:05 PM,arrival,219,AdrenalineAddict,,,,
17:05 PM,arrival,13,Child,,,,
17:05 PM,arrival,102,Tourist,,,,
17:05 PM,arrival,225,AdrenalineAddict,,,,
17:05 PM,arrival,145,Tourist,,,,
17:05 PM,arrival,144,Tourist,,,,
17:05 PM,arrival,146,Tourist,,,,
17:05 PM,arrival,148,Tourist,,,,
17:05 PM,arrival,162,Tourist,,,,
17:05 PM,arrival,164,Tourist,,,,
17:05 PM,arrival,142,Tourist,,,,
17:05 PM,arrival,218,AdrenalineAddict,,,,
17:05 PM,arrival,137,Tourist,,,,
17:05 PM,arrival,36,Child,,,,
17:05 PM,arrival,135,Tourist,,,,
17:05 PM,arrival,185,Tourist,,,,
17:05 PM,arrival,45,Child,,,,
17:05 PM,arrival,209,AdrenalineAddict,,,,
17:05 PM,arrival,58,Tourist,,,,
17:05 PM,arrival,174,Tourist,,,,
17:05 PM,arrival,208,AdrenalineAddict,,,,
17:05 PM,arrival,8,Child,,,,
17:05 PM,arrival,23,Child,,,,
17:05 PM,arrival,111,Tourist,,,,
17:05 PM,arrival,156,Tourist,,,,
17:05 PM,arrival,173,Tourist,,,,
17:05 PM,arrival,14,Child,,,,
17:05 PM,arrival,64,Tourist,,,,
17:05 PM,arrival,189,Tourist,,,,
17:05 PM,arrival,238,AdrenalineAddict,,,,
17:05 PM,arrival,212,AdrenalineAddict,,,,
17:05 PM,arrival,214,AdrenalineAddict,,,,
17:05 PM,arrival,108,Tourist,,,,
17:05 PM,arrival,1,Child,,,,
17:05 PM,arrival,236,AdrenalineAddict,,,,
17:05 PM,arrival,20,Child,,,,
17:05 PM,arrival,54,Tourist,,,,
17:05 PM,arrival,34,Child,,,,
17:05 PM,arrival,125,Tourist,,,,
17:05 PM,arrival,40,Child,,,,
17:05 PM,arrival,175,Tourist,,,,
17:05 PM,arrival,67,Tourist,,,,
17:05 PM,arrival,188,Tourist,,,,
17:05 PM,arrival,216,AdrenalineAddict,,,,
17:05 PM,arrival,63,Tourist,,,,
17:05 PM,arrival,101,Tourist,,,,
17:05 PM,arrival,120,Tourist,,,,
17:05 PM,arrival,230,AdrenalineAddict,,,,
17:05 PM,arrival,48,Child,,,,
17:05 PM,arrival,126,Tourist,,,,
17:24 PM,queue_length,,,Carousel,48,,
17:27 PM,exit,84,,,,,time_up
17:28 PM,queue_length,,,HauntedMansion,68,,
17:28 PM,ride_board,,,HauntedMansion,20,0.7,
17:29 PM,served,187,,BurgerTruck,,,
17:29 PM,served,127,,BurgerTruck,,,
17:29 PM,served,140,,BurgerTruck,,,
17:29 PM,served,96,,BurgerTruck,,,
17:29 PM,served,160,,BurgerTruck,,,
17:29 PM,served,83,,BurgerTruck,,,
17:29 PM,served,129,,BurgerTruck,,,
17:29 PM,served,94,,BurgerTruck,,,
17:29 PM,served,179,,BurgerTruck,,,
17:29 PM,served,165,,BurgerTruck,,,
17:29 PM,order,134,,BurgerTruck,,,
17:29 PM,order,167,,BurgerTruck,,,
17:29 PM,order,52,,BurgerTruck,,,
17:29 PM,order,57,,BurgerTruck,,,
17:29 PM,order,91,,BurgerTruck,,,
17:29 PM,order,184,,BurgerTruck,,,
17:29 PM,order,199,,BurgerTruck,,,
17:29 PM,order,130,,BurgerTruck,,,
17:29 PM,order,69,,BurgerTruck,,,
17:29 PM,order,78,,BurgerTruck,,,
17:41 PM,exit,76,,,,,time_up
17:48 PM,served,42,,IceCreamStand,,,
17:48 PM,order,27,,IceCreamStand,,,
17:48 PM,order,49,,IceCreamStand,,,
17:48 PM,order,18,,IceCreamStand,,,
17:48 PM,order,3,,IceCreamStand,,,
17:48 PM,order,22,,IceCreamStand,,,
17:48 PM,order,19,,IceCreamStand,,,
17:48 PM,order,43,,IceCreamStand,,,
17:48 PM,order,12,,IceCreamStand,,,
17:50 PM,exit,107,,,,,time_up
18:08 PM,exit,160,,,,,time_up
18:10 PM,exit,41,,,,,time_up
18:13 PM,exit,104,,,,,time_up
18:16 PM,exit,59,,,,,time_up
18:17 PM,exit,186,,,,,time_up
18:18 PM,exit,44,,,,,time_up
18:23 PM,exit,141,,,,,time_up
18:27 PM,exit,50,,,,,time_up
18:32 PM,exit,7,,,,,time_up
18:42 PM,exit,177,,,,,time_up
18:44 PM,exit,42,,,,,time_up
18:45 PM,exit,5,,,,,time_up
18:48 PM,exit,28,,,,,time_up
18:53 PM,exit,92,,,,,time_up
18:55 PM,exit,24,,,,,time_up
18:57 PM,exit,130,,,,,time_up
19:01 PM,exit,6,,,,,time_up
19:05 PM,exit,38,,,,,time_up
19:07 PM,exit,51,,,,,time_up
19:11 PM,exit,71,,,,,time_up
19:26 PM,exit,163,,,,,time_up
19:30 PM,exit,109,,,,,time_up
19:34 PM,exit,191,,,,,time_up
19:39 PM,exit,172,,,,,time_up
19:43 PM,exit,25,,,,,time_up
20:03 PM,exit,70,,,,,time_up
20:06 PM,exit,37,,,,,time_up
20:10 PM,exit,66,,,,,time_up
20:21 PM,exit,15,,,,,time_up
20:22 PM,exit,114,,,,,time_up
20:43 PM,arrival,74,Tourist,,,,
20:43 PM,arrival,233,AdrenalineAddict,,,,
20:43 PM,arrival,235,AdrenalineAddict,,,,
20:54 PM,exit,8,,,,,time_up
20:58 PM,exit,14,,,,,time_up
21:03 PM,exit,125,,,,,time_up
21:04 PM,exit,175,,,,,time_up
21:07 PM,exit,216,,,,,time_up
21:10 PM,exit,218,,,,,time_up
21:17 PM,exit,185,,,,,time_up
21:18 PM,exit,89,,,,,time_up
21:19 PM,exit,111,,,,,time_up
20:43 PM,arrival,89,Tourist,,,,
21:20 PM,exit,128,,,,,time_up
20:43 PM,arrival,128,Tourist,,,,
21:20 PM,exit,205,,,,,time_up
20:43 PM,arrival,205,AdrenalineAddict,,,,
21:22 PM,queue_length,,,SkyDrop,55,,
21:25 PM,exit,116,,,,,time_up
21:26 PM,exit,31,,,,,time_up
21:31 PM,queue_length,,,Carousel,49,,
21:32 PM,exit,97,,,,,time_up
21:33 PM,exit,127,,,,,time_up
21:34 PM,exit,244,,,,,time_up
21:35 PM,exit,147,,,,,time_up
21:36 PM,exit,136,,,,,time_up
21:37 PM,queue_length,,,HauntedMansion,48,,
21:38 PM,exit,203,,,,,time_up
21:39 PM,exit,83,,,,,time_up
21:40 PM,exit,72,,,,,time_up
21:41 PM,exit,231,,,,,time_up
21:42 PM,served,27,,IceCreamStand,,,
21:42 PM,served,49,,IceCreamStand,,,
21:42 PM,served,18,,IceCreamStand,,,
21:42 PM,served,3,,IceCreamStand,,,
21:42 PM,served,22,,IceCreamStand,,,
21:42 PM,served,19,,IceCreamStand,,,
21:42 PM,served,43,,IceCreamStand,,,
21:42 PM,served,12,,IceCreamStand,,,
21:43 PM,exit,222,,,,,time_up
21:44 PM,served,134,,BurgerTruck,,,
21:45 PM,queue_length,,,ThunderCoaster,90,,
21:46 PM,exit,187,,,,,time_up
21:44 PM,served,167,,BurgerTruck,,,
21:44 PM,served,52,,BurgerTruck,,,
21:44 PM,served,57,,BurgerTruck,,,
21:44 PM,served,91,,BurgerTruck,,,
21:44 PM,served,184,,BurgerTruck,,,
21:44 PM,served,199,,BurgerTruck,,,
21:44 PM,served,130,,BurgerTruck,,,
21:44 PM,served,69,,BurgerTruck,,,
21:44 PM,served,78,,BurgerTruck,,,
21:47 PM,exit,140,,,,,time_up
21:48 PM,exit,201,,,,,time_up
21:49 PM,exit,11,,,,,time_up
21:50 PM,exit,196,,,,,time_up
21:51 PM,exit,129,,,,,time_up
21:52 PM,exit,47,,,,,time_up
21:53 PM,exit,193,,,,,time_up
10:05 AM,queue_length,,,SkyDrop,0,,
10:09 AM,queue_length,,,HauntedMansion,0,,
10:10 AM,arrival,244,AdrenalineAddict,,,,
10:11 AM,queue_length,,,ThunderCoaster,1,,
10:12 AM,queue_length,,,Carousel,0,,
10:10 AM,arrival,100,Tourist,,,,
10:10 AM,arrival,245,AdrenalineAddict,,,,
10:15 AM,queue_length,,,SkyDrop,0,,
10:18 AM,queue_length,,,HauntedMansion,0,,
10:22 AM,queue_length,,,ThunderCoaster,3,,
10:23 AM,queue_length,,,Carousel,1,,
10:25 AM,ride_board,,,ThunderCoaster,3,0.9,
10:25 AM,arrival,143,Tourist,,,,
10:25 AM,ride_board,,,Carousel,2,0.5,
10:25 AM,arrival,38,Child,,,,
10:25 AM,arrival,52,Tourist,,,,
10:25 AM,arrival,116,Tourist,,,,
10:25 AM,arrival,23,Child,,,,
10:27 AM,queue_length,,,HauntedMansion,0,,
10:30 AM,queue_length,,,SkyDrop,1,,
10:42 AM,arrival,35,Child,,,,
10:42 AM,arrival,88,Tourist,,,,
10:42 AM,arrival,229,AdrenalineAddict,,,,
10:42 AM,arrival,64,Tourist,,,,
10:42 AM,arrival,125,Tourist,,,,
10:42 AM,arrival,150,Tourist,,,,
10:42 AM,arrival,11,Child,,,,
10:42 AM,arrival,240,AdrenalineAddict,,,,
10:42 AM,arrival,43,Child,,,,
10:42 AM,arrival,39,Child,,,,
10:44 AM,queue_length,,,SkyDrop,3,,
10:44 AM,ride_board,,,SkyDrop,3,0.8,
10:46 AM,queue_length,,,HauntedMansion,1,,
11:05 AM,arrival,78,Tourist,,,,
11:05 AM,arrival,93,Tourist,,,,
11:05 AM,arrival,115,Tourist,,,,
11:05 AM,arrival,139,Tourist,,,,
11:05 AM,arrival,173,Tourist,,,,
11:05 AM,arrival,17,Child,,,,
11:05 AM,arrival,228,AdrenalineAddict,,,,
11:05 AM,arrival,250,AdrenalineAddict,,,,
11:09 AM,order,38,,IceCreamStand,,,
11:14 AM,queue_length,,,HauntedMansion,4,,
11:14 AM,ride_board,,,HauntedMansion,4,0.7,
11:43 AM,served,38,,IceCreamStand,,,
11:43 AM,order,23,,IceCreamStand,,,
11:41 AM,arrival,36,Child,,,,
11:43 AM,order,35,,IceCreamStand,,,
11:41 AM,arrival,171,Tourist,,,,
11:43 AM,order,39,,IceCreamStand,,,
11:43 AM,order,43,,IceCreamStand,,,
11:41 AM,arrival,216,AdrenalineAddict,,,,
11:43 AM,order,17,,IceCreamStand,,,
11:41 AM,arrival,140,Tourist,,,,
11:41 AM,arrival,157,Tourist,,,,
11:41 AM,arrival,152,Tourist,,,,
11:41 AM,arrival,184,Tourist,,,,
11:41 AM,arrival,169,Tourist,,,,
11:41 AM,arrival,204,AdrenalineAddict,,,,
11:41 AM,arrival,199,Tourist,,,,
11:41 AM,arrival,41,Child,,,,
11:41 AM,arrival,144,Tourist,,,,
11:41 AM,arrival,194,Tourist,,,,
11:41 AM,arrival,67,Tourist,,,,
11:41 AM,arrival,180,Tourist,,,,
11:41 AM,arrival,177,Tourist,,,,
11:41 AM,arrival,82,Tourist,,,,
11:41 AM,arrival,89,Tourist,,,,
11:41 AM,arrival,90,Tourist,,,,
11:41 AM,arrival,158,Tourist,,,,
11:41 AM,arrival,50,Child,,,,
12:00 PM,order,52,,BurgerTruck,,,
12:00 PM,order,100,,BurgerTruck,,,
12:00 PM,order,143,,BurgerTruck,,,
12:00 PM,order,116,,BurgerTruck,,,
12:13 PM,queue_length,,,Carousel,19,,
12:32 PM,served,23,,IceCreamStand,,,
12:32 PM,served,35,,IceCreamStand,,,
12:32 PM,served,39,,IceCreamStand,,,
12:32 PM,served,43,,IceCreamStand,,,
12:32 PM,served,17,,IceCreamStand,,,
12:44 PM,arrival,186,Tourist,,,,
12:44 PM,arrival,202,AdrenalineAddict,,,,
12:44 PM,arrival,232,AdrenalineAddict,,,,
12:44 PM,arrival,20,Child,,,,
12:44 PM,arrival,239,AdrenalineAddict,,,,
12:44 PM,arrival,40,Child,,,,
12:44 PM,arrival,155,Tourist,,,,
12:44 PM,arrival,34,Child,,,,
12:44 PM,arrival,195,Tourist,,,,
12:44 PM,arrival,130,Tourist,,,,
12:44 PM,arrival,4,Child,,,,
12:44 PM,arrival,51,Tourist,,,,
12:44 PM,arrival,213,AdrenalineAddict,,,,
12:44 PM,arrival,104,Tourist,,,,
12:44 PM,arrival,136,Tourist,,,,
12:44 PM,arrival,222,AdrenalineAddict,,,,
12:44 PM,arrival,163,Tourist,,,,
12:44 PM,arrival,182,Tourist,,,,
12:44 PM,arrival,132,Tourist,,,,
12:44 PM,arrival,91,Tourist,,,,
12:44 PM,arrival,242,AdrenalineAddict,,,,
12:44 PM,arrival,65,Tourist,,,,
12:44 PM,arrival,14,Child,,,,
12:44 PM,arrival,118,Tourist,,,,
12:44 PM,arrival,79,Tourist,,,,
12:44 PM,arrival,24,Child,,,,
12:44 PM,arrival,42,Child,,,,
12:44 PM,arrival,131,Tourist,,,,
12:44 PM,arrival,238,AdrenalineAddict,,,,
12:44 PM,arrival,220,AdrenalineAddict,,,,
12:44 PM,arrival,231,AdrenalineAddict,,,,
12:44 PM,arrival,28,Child,,,,
12:44 PM,arrival,57,Tourist,,,,
12:44 PM,arrival,7,Child,,,,
12:44 PM,arrival,168,Tourist,,,,
12:44 PM,arrival,86,Tourist,,,,
12:44 PM,arrival,205,AdrenalineAddict,,,,
12:44 PM,arrival,59,Tourist,,,,
12:44 PM,arrival,26,Child,,,,
12:44 PM,arrival,33,Child,,,,
12:44 PM,arrival,1,Child,,,,
12:44 PM,arrival,107,Tourist,,,,
12:44 PM,arrival,16,Child,,,,
12:44 PM,arrival,37,Child,,,,
12:44 PM,arrival,49,Child,,,,
12:44 PM,arrival,76,Tourist,,,,
12:44 PM,arrival,142,Tourist,,,,
12:44 PM,arrival,12,Child,,,,
12:44 PM,arrival,72,Tourist,,,,
13:01 PM,served,52,,BurgerTruck,,,
13:01 PM,served,100,,BurgerTruck,,,
13:01 PM,served,143,,BurgerTruck,,,
13:01 PM,served,116,,BurgerTruck,,,
13:01 PM,order,64,,BurgerTruck,,,
13:01 PM,order,88,,BurgerTruck,,,
13:01 PM,order,150,,BurgerTruck,,,
13:01 PM,order,78,,BurgerTruck,,,
13:01 PM,order,115,,BurgerTruck,,,
13:01 PM,order,93,,BurgerTruck,,,
13:32 PM,queue_length,,,Carousel,38,,
13:33 PM,ride_board,,,Carousel,16,0.5,
13:35 PM,order,36,,IceCreamStand,,,
13:35 PM,order,43,,IceCreamStand,,,
13:35 PM,order,11,,IceCreamStand,,,
13:35 PM,order,20,,IceCreamStand,,,
13:35 PM,order,40,,IceCreamStand,,,
14:28 PM,arrival,121,Tourist,,,,
14:28 PM,arrival,62,Tourist,,,,
14:28 PM,arrival,141,Tourist,,,,
14:28 PM,arrival,30,Child,,,,
14:28 PM,arrival,179,Tourist,,,,
14:28 PM,arrival,148,Tourist,,,,
14:28 PM,arrival,151,Tourist,,,,
14:28 PM,arrival,58,Tourist,,,,
14:28 PM,arrival,224,AdrenalineAddict,,,,
14:28 PM,arrival,55,Tourist,,,,
14:28 PM,arrival,32,Child,,,,
14:28 PM,arrival,172,Tourist,,,,
14:28 PM,arrival,234,AdrenalineAddict,,,,
14:28 PM,arrival,112,Tourist,,,,
14:28 PM,arrival,190,Tourist,,,,
14:28 PM,arrival,138,Tourist,,,,
14:28 PM,arrival,133,Tourist,,,,
14:28 PM,arrival,153,Tourist,,,,
14:28 PM,arrival,13,Child,,,,
14:28 PM,arrival,237,AdrenalineAddict,,,,
14:28 PM,arrival,217,AdrenalineAddict,,,,
14:28 PM,arrival,243,AdrenalineAddict,,,,
14:28 PM,arrival,110,Tourist,,,,
14:28 PM,arrival,95,Tourist,,,,
14:28 PM,arrival,101,Tourist,,,,
14:28 PM,arrival,203,AdrenalineAddict,,,,
14:28 PM,arrival,15,Child,,,,
14:28 PM,arrival,119,Tourist,,,,
14:28 PM,arrival,159,Tourist,,,,
14:28 PM,arrival,129,Tourist,,,,
14:28 PM,arrival,44,Child,,,,
14:28 PM,arrival,73,Tourist,,,,
14:28 PM,arrival,200,Tourist,,,,
14:28 PM,arrival,233,AdrenalineAddict,,,,
14:28 PM,arrival,87,Tourist,,,,
14:28 PM,arrival,193,Tourist,,,,
14:28 PM,arrival,68,Tourist,,,,
14:28 PM,arrival,221,AdrenalineAddict,,,,
14:28 PM,arrival,124,Tourist,,,,
14:28 PM,arrival,146,Tourist,,,,
14:28 PM,arrival,223,AdrenalineAddict,,,,
14:28 PM,arrival,21,Child,,,,
14:28 PM,arrival,175,Tourist,,,,
14:28 PM,arrival,219,AdrenalineAddict,,,,
14:28 PM,arrival,46,Child,,,,
14:28 PM,arrival,94,Tourist,,,,
14:28 PM,arrival,165,Tourist,,,,
14:28 PM,arrival,99,Tourist,,,,
14:28 PM,arrival,106,Tourist,,,,
14:28 PM,arrival,166,Tourist,,,,
14:28 PM,arrival,225,AdrenalineAddict,,,,
14:28 PM,arrival,215,AdrenalineAddict,,,,
14:28 PM,arrival,227,AdrenalineAddict,,,,
14:28 PM,arrival,230,AdrenalineAddict,,,,
14:28 PM,arrival,236,AdrenalineAddict,,,,
14:28 PM,arrival,63,Tourist,,,,
14:28 PM,arrival,212,AdrenalineAddict,,,,
14:28 PM,arrival,145,Tourist,,,,
14:28 PM,arrival,209,AdrenalineAddict,,,,
14:28 PM,arrival,246,AdrenalineAddict,,,,
14:28 PM,arrival,214,AdrenalineAddict,,,,
14:28 PM,arrival,206,AdrenalineAddict,,,,
14:28 PM,arrival,167,Tourist,,,,
14:28 PM,arrival,149,Tourist,,,,
14:28 PM,arrival,198,Tourist,,,,
14:28 PM,arrival,18,Child,,,,
14:28 PM,arrival,3,Child,,,,
14:28 PM,arrival,70,Tourist,,,,
14:28 PM,arrival,123,Tourist,,,,
14:28 PM,arrival,235,AdrenalineAddict,,,,
14:28 PM,arrival,97,Tourist,,,,
14:28 PM,arrival,9,Child,,,,
14:28 PM,arrival,19,Child,,,,
14:28 PM,arrival,84,Tourist,,,,
14:28 PM,arrival,108,Tourist,,,,
14:28 PM,arrival,126,Tourist,,,,
14:28 PM,arrival,128,Tourist,,,,
14:28 PM,arrival,161,Tourist,,,,
14:28 PM,arrival,156,Tourist,,,,
14:28 PM,arrival,185,Tourist,,,,
14:28 PM,arrival,103,Tourist,,,,
14:28 PM,arrival,29,Child,,,,
14:28 PM,arrival,31,Child,,,,
14:28 PM,arrival,207,AdrenalineAddict,,,,
14:28 PM,arrival,183,Tourist,,,,
14:28 PM,arrival,187,Tourist,,,,
14:28 PM,arrival,247,AdrenalineAddict,,,,
14:28 PM,arrival,71,Tourist,,,,
14:28 PM,arrival,226,AdrenalineAddict,,,,
14:28 PM,arrival,45,Child,,,,
14:28 PM,arrival,117,Tourist,,,,
14:28 PM,arrival,170,Tourist,,,,
14:28 PM,arrival,201,AdrenalineAddict,,,,
14:28 PM,arrival,25,Child,,,,
14:28 PM,arrival,80,Tourist,,,,
14:28 PM,arrival,92,Tourist,,,,
14:28 PM,arrival,218,AdrenalineAddict,,,,
14:28 PM,arrival,75,Tourist,,,,
14:28 PM,arrival,83,Tourist,,,,
14:28 PM,arrival,105,Tourist,,,,
14:28 PM,arrival,137,Tourist,,,,
14:28 PM,arrival,120,Tourist,,,,
14:28 PM,arrival,111,Tourist,,,,
14:28 PM,arrival,2,Child,,,,
14:28 PM,arrival,192,Tourist,,,,
14:40 PM,queue_length,,,ThunderCoaster,76,,
14:46 PM,served,64,,BurgerTruck,,,
14:46 PM,served,88,,BurgerTruck,,,
14:46 PM,served,150,,BurgerTruck,,,
14:46 PM,served,78,,BurgerTruck,,,
14:46 PM,served,115,,BurgerTruck,,,
14:46 PM,served,93,,BurgerTruck,,,
14:46 PM,order,169,,BurgerTruck,,,
14:46 PM,order,177,,BurgerTruck,,,
14:46 PM,order,89,,BurgerTruck,,,
14:46 PM,order,158,,BurgerTruck,,,
14:46 PM,order,173,,BurgerTruck,,,
14:46 PM,order,152,,BurgerTruck,,,
14:46 PM,order,125,,BurgerTruck,,,
14:46 PM,order,171,,BurgerTruck,,,
14:46 PM,order,67,,BurgerTruck,,,
14:46 PM,order,82,,BurgerTruck,,,
15:21 PM,exit,38,,,,,time_up
15:23 PM,queue_length,,,SkyDrop,48,,
15:30 PM,exit,78,,,,,time_up
15:33 PM,served,36,,IceCreamStand,,,
15:33 PM,served,43,,IceCreamStand,,,
15:33 PM,served,11,,IceCreamStand,,,
15:33 PM,served,20,,IceCreamStand,,,
15:33 PM,served,40,,IceCreamStand,,,
15:33 PM,order,50,,IceCreamStand,,,
15:33 PM,order,14,,IceCreamStand,,,
15:33 PM,order,24,,IceCreamStand,,,
15:33 PM,order,7,,IceCreamStand,,,
15:33 PM,order,16,,IceCreamStand,,,
15:33 PM,order,4,,IceCreamStand,,,
15:33 PM,order,228,,IceCreamStand,,,
15:33 PM,order,250,,IceCreamStand,,,
15:44 PM,exit,41,,,,,time_up
16:09 PM,exit,37,,,,,time_up
17:25 PM,exit,9,,,,,time_up
17:53 PM,arrival,98,Tourist,,,,
17:53 PM,arrival,178,Tourist,,,,
17:53 PM,arrival,81,Tourist,,,,
17:53 PM,arrival,188,Tourist,,,,
17:53 PM,arrival,249,AdrenalineAddict,,,,
17:53 PM,arrival,248,AdrenalineAddict,,,,
17:53 PM,arrival,10,Child,,,,
17:53 PM,arrival,162,Tourist,,,,
17:53 PM,arrival,5,Child,,,,
17:53 PM,arrival,208,AdrenalineAddict,,,,
17:53 PM,arrival,114,Tourist,,,,
17:53 PM,arrival,196,Tourist,,,,
17:53 PM,arrival,147,Tourist,,,,
17:53 PM,arrival,60,Tourist,,,,
17:53 PM,arrival,135,Tourist,,,,
17:53 PM,arrival,197,Tourist,,,,
17:53 PM,arrival,54,Tourist,,,,
17:53 PM,arrival,66,Tourist,,,,
17:53 PM,arrival,211,AdrenalineAddict,,,,
17:53 PM,arrival,191,Tourist,,,,
17:53 PM,arrival,210,AdrenalineAddict,,,,
17:53 PM,arrival,61,Tourist,,,,
17:53 PM,arrival,53,Tourist,,,,
17:53 PM,arrival,181,Tourist,,,,
17:53 PM,arrival,22,Child,,,,
17:53 PM,arrival,122,Tourist,,,,
17:53 PM,arrival,8,Child,,,,
17:53 PM,arrival,160,Tourist,,,,
17:53 PM,arrival,56,Tourist,,,,
17:53 PM,arrival,109,Tourist,,,,
17:53 PM,arrival,134,Tourist,,,,
17:53 PM,arrival,164,Tourist,,,,
17:53 PM,arrival,77,Tourist,,,,
17:53 PM,arrival,102,Tourist,,,,
17:53 PM,arrival,47,Child,,,,
17:53 PM,arrival,154,Tourist,,,,
17:53 PM,arrival,189,Tourist,,,,
17:53 PM,arrival,6,Child,,,,
17:53 PM,arrival,74,Tourist,,,,
17:53 PM,arrival,85,Tourist,,,,
17:53 PM,arrival,241,AdrenalineAddict,,,,
17:53 PM,arrival,69,Tourist,,,,
17:53 PM,arrival,27,Child,,,,
17:53 PM,arrival,127,Tourist,,,,
17:53 PM,arrival,174,Tourist,,,,
18:01 PM,exit,100,,,,,time_up
18:04 PM,served,169,,BurgerTruck,,,
18:04 PM,served,177,,BurgerTruck,,,
18:04 PM,served,89,,BurgerTruck,,,
18:04 PM,served,158,,BurgerTruck,,,
18:04 PM,served,173,,BurgerTruck,,,
18:04 PM,served,152,,BurgerTruck,,,
18:04 PM,served,125,,BurgerTruck,,,
18:04 PM,served,171,,BurgerTruck,,,
18:04 PM,served,67,,BurgerTruck,,,
18:04 PM,served,82,,BurgerTruck,,,
18:04 PM,order,142,,BurgerTruck,,,
18:04 PM,order,144,,BurgerTruck,,,
18:04 PM,order,139,,BurgerTruck,,,
18:04 PM,order,157,,BurgerTruck,,,
18:04 PM,order,182,,BurgerTruck,,,
18:04 PM,order,180,,BurgerTruck,,,
18:04 PM,order,186,,BurgerTruck,,,
18:04 PM,order,104,,BurgerTruck,,,
18:04 PM,order,184,,BurgerTruck,,,
18:04 PM,order,88,,BurgerTruck,,,
18:12 PM,exit,199,,,,,time_up
18:13 PM,queue_length,,,ThunderCoaster,103,,
18:14 PM,exit,51,,,,,time_up
18:16 PM,exit,43,,,,,time_up
18:19 PM,queue_length,,,HauntedMansion,61,,
18:21 PM,exit,143,,,,,time_up
18:21 PM,ride_board,,,ThunderCoaster,24,0.9,
18:22 PM,exit,177,,,,,time_up
18:26 PM,exit,39,,,,,time_up
18:32 PM,exit,169,,,,,time_up
18:35 PM,exit,90,,,,,time_up
18:43 PM,exit,82,,,,,time_up
18:48 PM,exit,35,,,,,time_up
18:50 PM,exit,64,,,,,time_up
18:55 PM,exit,140,,,,,time_up
18:56 PM,queue_length,,,SkyDrop,59,,
18:57 PM,served,50,,IceCreamStand,,,
19:02 PM,ride_board,,,SkyDrop,12,0.8,
18:57 PM,served,14,,IceCreamStand,,,
18:57 PM,served,24,,IceCreamStand,,,
18:57 PM,served,7,,IceCreamStand,,,
18:57 PM,served,16,,IceCreamStand,,,
18:57 PM,served,4,,IceCreamStand,,,
18:57 PM,served,228,,IceCreamStand,,,
18:57 PM,served,250,,IceCreamStand,,,
18:57 PM,order,34,,IceCreamStand,,,
18:57 PM,order,13,,IceCreamStand,,,
18:57 PM,order,3,,IceCreamStand,,,
18:57 PM,order,19,,IceCreamStand,,,
18:57 PM,order,229,,IceCreamStand,,,
18:57 PM,order,244,,IceCreamStand,,,
18:57 PM,order,240,,IceCreamStand,,,
18:57 PM,order,202,,IceCreamStand,,,
19:08 PM,exit,1,,,,,time_up
19:11 PM,exit,14,,,,,time_up
19:13 PM,exit,118,,,,,time_up
19:15 PM,exit,194,,,,,time_up
19:18 PM,exit,42,,,,,time_up
19:20 PM,exit,28,,,,,time_up
19:21 PM,exit,86,,,,,time_up
19:22 PM,exit,168,,,,,time_up
19:24 PM,exit,12,,,,,time_up
19:25 PM,exit,33,,,,,time_up
19:28 PM,exit,79,,,,,time_up
19:29 PM,exit,131,,,,,time_up
19:31 PM,exit,26,,,,,time_up
19:32 PM,exit,91,,,,,time_up
19:36 PM,exit,163,,,,,time_up
19:37 PM,exit,65,,,,,time_up
19:38 PM,exit,72,,,,,time_up
19:39 PM,exit,30,,,,,time_up
19:42 PM,exit,49,,,,,time_up
19:46 PM,exit,141,,,,,time_up
19:49 PM,exit,44,,,,,time_up
19:51 PM,exit,151,,,,,time_up
19:53 PM,exit,106,,,,,time_up
19:55 PM,exit,32,,,,,time_up
20:11 PM,exit,175,,,,,time_up
20:14 PM,exit,55,,,,,time_up
20:17 PM,exit,133,,,,,time_up
20:25 PM,exit,92,,,,,time_up
20:26 PM,exit,200,,,,,time_up
20:29 PM,exit,167,,,,,time_up
20:35 PM,exit,123,,,,,time_up
20:49 PM,exit,193,,,,,time_up
20:53 PM,exit,126,,,,,time_up
20:55 PM,exit,161,,,,,time_up
21:00 PM,exit,117,,,,,time_up
21:01 PM,exit,247,,,,,time_up
21:04 PM,exit,2,,,,,time_up
21:05 PM,exit,192,,,,,time_up
21:10 PM,exit,80,,,,,time_up
21:13 PM,exit,45,,,,,time_up
21:14 PM,exit,246,,,,,time_up
21:15 PM,exit,230,,,,,time_up
21:18 PM,exit,63,,,,,time_up
21:27 PM,exit,211,,,,,time_up
21:29 PM,exit,103,,,,,time_up
21:34 PM,exit,56,,,,,time_up
21:37 PM,exit,6,,,,,time_up
21:38 PM,exit,8,,,,,time_up
21:40 PM,exit,134,,,,,time_up
21:42 PM,exit,109,,,,,time_up
21:44 PM,exit,178,,,,,time_up
21:46 PM,exit,189,,,,,time_up
21:51 PM,exit,160,,,,,time_up
21:52 PM,exit,191,,,,,time_up
21:58 PM,exit,60,,,,,time_up
21:59 PM,exit,196,,,,,time_up
22:05 PM,exit,241,,,,,time_up
22:09 PM,exit,69,,,,,time_up
22:10 PM,exit,48,,,,,time_up
22:08 PM,arrival,48,Child,,,,
22:10 PM,exit,176,,,,,time_up
22:08 PM,arrival,176,Tourist,,,,
22:10 PM,exit,113,,,,,time_up
22:08 PM,arrival,113,Tourist,,,,
22:10 PM,exit,96,,,,,time_up
22:08 PM,arrival,96,Tourist,,,,
22:11 PM,exit,23,,,,,time_up
22:12 PM,exit,52,,,,,time_up
22:14 PM,exit,116,,,,,time_up
22:19 PM,queue_length,,,HauntedMansion,61,,
22:21 PM,served,142,,BurgerTruck,,,
22:26 PM,exit,17,,,,,time_up
22:27 PM,exit,202,,,,,time_up
22:28 PM,exit,115,,,,,time_up
22:29 PM,exit,240,,,,,time_up
22:21 PM,served,144,,BurgerTruck,,,
22:21 PM,served,139,,BurgerTruck,,,
22:21 PM,served,157,,BurgerTruck,,,
22:21 PM,served,182,,BurgerTruck,,,
22:21 PM,served,180,,BurgerTruck,,,
22:21 PM,served,186,,BurgerTruck,,,
22:21 PM,served,104,,BurgerTruck,,,
22:21 PM,served,184,,BurgerTruck,,,
22:21 PM,served,88,,BurgerTruck,,,
22:30 PM,exit,67,,,,,time_up
22:31 PM,exit,228,,,,,time_up
22:32 PM,exit,50,,,,,time_up
22:33 PM,exit,157,,,,,time_up
22:34 PM,exit,182,,,,,time_up
22:35 PM,exit,125,,,,,time_up
22:36 PM,exit,11,,,,,time_up
22:37 PM,exit,93,,,,,time_up
22:38 PM,exit,88,,,,,time_up
22:39 PM,exit,184,,,,,time_up
22:40 PM,exit,216,,,,,time_up
22:41 PM,exit,180,,,,,time_up
22:42 PM,exit,136,,,,,time_up
22:43 PM,exit,76,,,,,time_up
22:44 PM,exit,204,,,,,time_up
22:45 PM,exit,152,,,,,time_up
22:46 PM,exit,16,,,,,time_up
22:47 PM,exit,130,,,,,time_up
22:48 PM,exit,34,,,,,time_up
22:49 PM,exit,222,,,,,time_up
22:50 PM,exit,20,,,,,time_up
22:51 PM,exit,250,,,,,time_up
22:52 PM,exit,89,,,,,time_up
22:53 PM,exit,171,,,,,time_up
22:54 PM,exit,158,,,,,time_up
22:55 PM,exit,173,,,,,time_up
22:56 PM,exit,155,,,,,time_up
22:57 PM,exit,245,,,,,time_up
22:58 PM,exit,186,,,,,time_up
22:59 PM,exit,57,,,,,time_up
23:00 PM,queue_length,,,Carousel,55,,
23:01 PM,exit,232,,,,,time_up
23:02 PM,queue_length,,,SkyDrop,47,,
23:03 PM,exit,59,,,,,time_up
23:04 PM,exit,195,,,,,time_up
23:05 PM,served,34,,IceCreamStand,,,
23:06 PM,exit,142,,,,,time_up
23:07 PM,exit,132,,,,,time_up
23:08 PM,exit,242,,,,,time_up
23:09 PM,exit,213,,,,,time_up
23:10 PM,exit,4,,,,,time_up
23:11 PM,exit,239,,,,,time_up
23:12 PM,exit,104,,,,,time_up
23:05 PM,served,13,,IceCreamStand,,,
23:13 PM,exit,7,,,,,time_up
23:14 PM,exit,107,,,,,time_up
23:15 PM,exit,220,,,,,time_up
23:16 PM,exit,231,,,,,time_up
23:17 PM,exit,24,,,,,time_up
23:18 PM,exit,179,,,,,time_up
23:19 PM,exit,205,,,,,time_up
23:05 PM,served,3,,IceCreamStand,,,
23:05 PM,served,19,,IceCreamStand,,,
23:05 PM,served,229,,IceCreamStand,,,
23:05 PM,served,244,,IceCreamStand,,,
23:05 PM,served,240,,IceCreamStand,,,
23:05 PM,served,202,,IceCreamStand,,,
23:20 PM,exit,190,,,,,time_up
23:21 PM,exit,101,,,,,time_up
23:22 PM,exit,121,,,,,time_up
23:23 PM,exit,153,,,,,time_up
23:24 PM,exit,238,,,,,time_up
23:25 PM,exit,62,,,,,time_up
23:26 PM,exit,148,,,,,time_up
23:27 PM,exit,234,,,,,time_up
23:28 PM,exit,243,,,,,time_up
23:29 PM,exit,224,,,,,time_up
23:30 PM,exit,172,,,,,time_up
23:31 PM,exit,149,,,,,time_up
23:32 PM,exit,219,,,,,time_up
23:33 PM,exit,221,,,,,time_up
23:34 PM,exit,233,,,,,time_up
23:35 PM,exit,159,,,,,time_up
23:36 PM,exit,203,,,,,time_up
23:37 PM,exit,112,,,,,time_up
23:38 PM,exit,124,,,,,time_up
23:39 PM,exit,237,,,,,time_up
23:40 PM,exit,94,,,,,time_up
23:41 PM,exit,217,,,,,time_up
23:42 PM,exit,110,,,,,time_up
23:43 PM,exit,87,,,,,time_up
23:44 PM,exit,129,,,,,time_up
23:45 PM,exit,13,,,,,time_up
23:46 PM,exit,95,,,,,time_up
23:47 PM,exit,138,,,,,time_up
23:48 PM,exit,21,,,,,time_up
23:49 PM,exit,119,,,,,time_up
23:50 PM,exit,58,,,,,time_up
23:51 PM,exit,73,,,,,time_up
23:52 PM,exit,97,,,,,time_up
23:53 PM,exit,166,,,,,time_up
23:54 PM,exit,165,,,,,time_up
23:55 PM,exit,15,,,,,time_up
23:56 PM,exit,145,,,,,time_up
23:57 PM,exit,75,,,,,time_up
23:58 PM,exit,236,,,,,time_up
23:59 PM,exit,29,,,,,time_up
24:00 PM,exit,198,,,,,time_up
24:01 PM,exit,209,,,,,time_up
24:02 PM,exit,18,,,,,time_up
24:03 PM,exit,46,,,,,time_up
24:04 PM,exit,214,,,,,time_up
24:05 PM,exit,206,,,,,time_up
24:06 PM,exit,120,,,,,time_up
24:07 PM,exit,3,,,,,time_up
24:08 PM,exit,146,,,,,time_up
24:09 PM,exit,19,,,,,time_up
24:10 PM,exit,128,,,,,time_up
24:11 PM,exit,187,,,,,time_up
24:12 PM,exit,70,,,,,time_up
24:13 PM,exit,108,,,,,time_up
24:14 PM,exit,235,,,,,time_up
24:15 PM,exit,212,,,,,time_up
24:16 PM,exit,185,,,,,time_up
24:17 PM,exit,225,,,,,time_up
24:18 PM,exit,156,,,,,time_up
24:19 PM,exit,111,,,,,time_up
24:20 PM,exit,71,,,,,time_up
24:21 PM,exit,170,,,,,time_up
24:22 PM,exit,226,,,,,time_up
24:23 PM,exit,68,,,,,time_up
24:24 PM,exit,207,,,,,time_up
24:25 PM,exit,84,,,,,time_up
24:26 PM,exit,25,,,,,time_up
24:27 PM,exit,223,,,,,time_up
24:28 PM,exit,218,,,,,time_up
24:29 PM,exit,31,,,,,time_up
24:30 PM,exit,227,,,,,time_up
24:31 PM,exit,215,,,,,time_up
24:32 PM,exit,162,,,,,time_up
24:33 PM,exit,83,,,,,time_up
24:34 PM,exit,249,,,,,time_up
24:35 PM,exit,105,,,,,time_up
24:36 PM,exit,66,,,,,time_up
24:37 PM,exit,248,,,,,time_up
24:38 PM,exit,102,,,,,time_up
24:39 PM,exit,188,,,,,time_up
24:40 PM,exit,181,,,,,time_up
24:41 PM,exit,183,,,,,time_up
24:42 PM,exit,99,,,,,time_up
24:43 PM,exit,10,,,,,time_up
24:44 PM,exit,137,,,,,time_up
24:45 PM,exit,61,,,,,time_up
24:46 PM,exit,98,,,,,time_up
24:47 PM,exit,197,,,,,time_up
24:48 PM,exit,147,,,,,time_up
24:49 PM,exit,135,,,,,time_up
24:50 PM,exit,54,,,,,time_up
24:51 PM,exit,114,,,,,time_up
24:52 PM,exit,210,,,,,time_up
24:53 PM,exit,47,,,,,time_up
24:54 PM,exit,201,,,,,time_up
24:55 PM,exit,85,,,,,time_up
24:56 PM,exit,164,,,,,time_up
24:57 PM,exit,74,,,,,time_up
24:58 PM,exit,53,,,,,time_up
24:59 PM,exit,81,,,,,time_up
25:00 PM,exit,154,,,,,time_up
25:01 PM,exit,22,,,,,time_up
25:02 PM,exit,122,,,,,time_up
25:03 PM,exit,77,,,,,time_up
25:04 PM,exit,208,,,,,time_up
25:05 PM,exit,174,,,,,time_up
25:06 PM,exit,5,,,,,time_up
25:07 PM,exit,127,,,,,time_up
25:08 PM,exit,27,,,,,time_up
25:09 PM,exit,144,,,,,time_up
25:10 PM,exit,244,,,,,time_up
25:11 PM,exit,40,,,,,time_up
25:12 PM,exit,139,,,,,time_up
25:13 PM,queue_length,,,ThunderCoaster,79,,
25:14 PM,exit,150,,,,,time_up
25:15 PM,exit,36,,,,,time_up
25:16 PM,exit,229,,,,,time_up
